player,team,age,height,weight,pos,g,gs,mp,fg,fga,fgp,x3,x3a,x3p,x2,x2a,x2p,ft,fta,ftp,orb,drb,trb,ast,stl,blk,tov,pf,pts,college,country,draftyear,draftround,draftnumber
Aaron Gordon,ORL,23,81,220,PF,78,78,2633,6.4,14.3,0.449,1.7,4.7,0.349,4.8,9.6,0.499,2.5,3.5,0.731,1.8,6.1,7.8,4,0.8,0.8,2.2,2.4,17,Arizona,USA,2014,1,4
Aaron Holiday,IND,22,73,185,PG,50,0,646,5.9,14.6,0.401,2.4,7.1,0.339,3.5,7.5,0.459,2.3,2.8,0.82,0.3,3.5,3.7,4.8,1.2,0.7,2.2,4,16.4,California-Los Angeles,USA,2018,1,23
Abdel Nader,OKC,25,78,225,SF,61,1,694,4.7,11.2,0.423,1.7,5.2,0.32,3.1,6,0.513,1.4,1.9,0.75,0.7,5.3,6,1,1,0.6,1.3,3.5,12.5,Iowa State,Egypt,2016,2,58
Al-Farouq Aminu,POR,28,81,220,PF,81,81,2292,4,9.3,0.433,1.5,4.4,0.343,2.5,4.9,0.514,2.4,2.7,0.867,1.8,7.8,9.6,1.6,1.1,0.5,1.1,2.2,11.9,Wake Forest,USA,2010,1,8
Al Horford,BOS,33,82,245,C,68,68,1973,7.1,13.2,0.535,1.3,3.7,0.36,5.7,9.5,0.604,1.4,1.7,0.821,2.2,6.2,8.4,5.2,1.1,1.6,1.9,2.3,16.9,Florida,Dominican Rep...,2007,1,3
Alan Williams,BKN,26,80,265,PF,5,0,26,11.1,18,0.615,0,1.4,0,11.1,16.6,0.667,2.8,5.5,0.5,5.5,20.8,26.3,4.2,1.4,0,1.4,2.8,24.9,California-Santa Barbara,USA,Undrafted,Undrafted,Undrafted
Alec Burks,SAC,27,78,214,SG,34,24,979,5,12.5,0.4,1.7,4.4,0.378,3.3,8.1,0.412,2.9,3.6,0.806,1,5.9,6.8,3.6,0.9,0.6,1.7,2.3,14.6,Colorado,USA,2011,1,12
Alex Abrines,OKC,25,78,200,SG,31,2,588,3.4,9.6,0.357,2.5,7.8,0.323,0.9,1.8,0.5,0.7,0.8,0.923,0.3,2.6,2.9,1.2,1,0.4,0.9,3.2,10.1,None,Spain,2013,2,32
Alex Caruso,LAL,25,77,186,PG,25,4,531,5.2,11.7,0.445,1.6,3.4,0.48,3.6,8.3,0.431,3.5,4.3,0.797,1.4,3.2,4.5,5.2,1.6,0.6,2.8,3.7,15.5,Texas A&M,USA,Undrafted,Undrafted,Undrafted
Alex Len,ATL,25,85,250,C,77,31,1544,7.5,15.1,0.494,1.7,4.8,0.363,5.7,10.4,0.554,3.3,5,0.648,3.7,6.2,9.9,2,0.6,1.6,2.3,4.7,19.9,Maryland,Ukraine,2013,1,5
Alex Poythress,ATL,25,81,235,PF,21,1,305,4.7,9.6,0.494,1.1,2.7,0.391,3.7,6.8,0.534,2.1,3.4,0.621,3.4,5.5,9,2,0.5,1.2,1.5,5.5,12.6,Kentucky,USA,Undrafted,Undrafted,Undrafted
Alfonzo McKinnie,GSW,26,80,215,SF,72,5,1003,4.8,9.9,0.487,1.5,4.2,0.356,3.3,5.6,0.586,1,1.7,0.563,2.9,6,8.9,1.1,0.6,0.5,1.1,4.8,12.1,None,USA,Undrafted,Undrafted,Undrafted
Alize Johnson,IND,23,81,212,PF,14,0,64,2.3,9,0.25,0.6,1.1,0.5,1.7,7.9,0.214,2.3,4.5,0.5,2.3,8.4,10.7,0.6,0.6,1.7,0,3.9,7.3,Missouri State,USA,2018,2,50
Allen Crabbe,BKN,27,78,212,SG,43,20,1133,4.4,11.9,0.367,3.1,8.2,0.378,1.2,3.6,0.342,1.3,1.8,0.732,0.5,4.2,4.7,1.5,0.7,0.4,1.5,3.2,13.1,California,USA,2013,2,31
Allonzo Trier,NYK,23,77,200,SG,64,3,1459,5.7,12.8,0.448,1.3,3.3,0.394,4.4,9.5,0.466,4.4,5.5,0.803,0.8,4.1,4.9,2.9,0.7,0.3,2.9,2.9,17.1,University of Arizona,USA,Undrafted,Undrafted,Undrafted
Amile Jefferson,ORL,26,81,222,PF,12,0,68,5.3,8.5,0.625,0,0,NA,5.3,8.5,0.625,3.7,4.2,0.875,3.2,7.9,11.1,1.6,1.6,1.6,0.5,4.2,14.3,Duke,USA,Undrafted,Undrafted,Undrafted
Amir Johnson,PHI,32,81,240,C,51,6,529,5.4,10.7,0.503,0.8,2.7,0.3,4.6,8,0.573,2.1,2.8,0.756,3.2,6.8,10,4.1,1.1,0.9,3.1,6.7,13.7,None,USA,2005,2,56
Andre Drummond,DET,25,83,279,C,79,79,2647,7.6,14.3,0.533,0.1,0.5,0.132,7.6,13.8,0.548,3.3,5.6,0.59,5.8,11,16.8,1.5,1.8,1.9,2.4,3.7,18.6,Connecticut,USA,2012,1,9
Andre Iguodala,GSW,35,78,215,SF,68,13,1578,3.4,6.9,0.5,1.1,3.3,0.333,2.3,3.6,0.652,0.9,1.5,0.582,1.1,4.7,5.7,4.9,1.4,1.2,1.2,2.2,8.9,Arizona,USA,2004,1,9
Andre Ingram,LAL,33,75,190,SG,4,0,15,0,14.4,0,0,7.2,0,0,7.2,0,0,0,NA,2.4,2.4,4.8,0,2.4,0,2.4,0,0,American,USA,Undrafted,Undrafted,Undrafted
Andrew Bogut,GSW,34,84,260,C,11,5,134,4.8,9.7,0.5,0,0,NA,4.8,9.7,0.5,0.8,0.8,1,3.2,11.6,14.8,3,0.8,2.1,2.1,5.9,10.5,Utah,Australia,2005,1,1
Andrew Harrison,NOP,24,78,213,PG,10,0,144,3,9.7,0.308,0.7,3.5,0.214,2.3,6.2,0.36,4,4,1,1,2.7,3.7,4.2,1,0.5,2.5,6.5,10.7,Kentucky,USA,2015,2,44
Andrew Wiggins,MIN,24,80,194,SF,73,73,2543,7,17.1,0.412,1.7,4.9,0.339,5.4,12.2,0.441,2.9,4.2,0.699,1.2,3.8,5,2.6,1,0.7,2,2.2,18.7,Kansas,Canada,2014,1,1
Anfernee Simons,POR,20,76,185,SG,20,1,141,7.1,16.1,0.444,2.6,7.4,0.345,4.6,8.7,0.529,2.3,4.1,0.563,0.8,2.6,3.3,3.3,0.3,0,2.8,2.3,19.1,None,USA,2018,1,24
Angel Delgado,LAC,24,82,245,C,2,0,15,2.4,12,0.2,0,0,NA,2.4,12,0.2,2.4,4.8,0.5,4.8,4.8,9.6,0,2.4,0,0,4.8,7.2,None,Dominican Rep...,Undrafted,Undrafted,Undrafted
Ante Zizic,CLE,22,83,254,C,59,25,1082,6.1,11,0.553,0,0,NA,6.1,11,0.553,3.1,4.4,0.705,3.6,7.1,10.6,1.8,0.4,0.7,2,3.8,15.3,None,Croatia,2016,1,23
Anthony Davis,NOP,26,82,253,C,56,56,1850,10.3,20,0.517,0.9,2.8,0.331,9.4,17.1,0.547,6.7,8.4,0.794,3.4,9.7,13.1,4.2,1.7,2.6,2.2,2.6,28.3,Kentucky,USA,2012,1,1
Anthony Tolliver,MIN,34,80,250,PF,65,0,1079,3.3,8.6,0.382,2.7,7.2,0.377,0.6,1.5,0.409,1.6,2,0.783,0.5,5.4,5.9,1.5,0.6,0.7,1.2,3,10.9,Creighton,USA,Undrafted,Undrafted,Undrafted
Antonio Blakeney,CHI,22,76,192,SG,57,3,829,7.2,17.2,0.419,1.6,4,0.396,5.6,13.2,0.426,2.2,3.3,0.658,0.3,4.3,4.6,1.8,0.5,0.4,1.5,1.8,18.2,Louisiana State,USA,Undrafted,Undrafted,Undrafted
Aron Baynes,BOS,32,82,260,C,51,18,821,4.6,9.8,0.471,0.9,2.7,0.344,3.7,7.1,0.519,2.3,2.7,0.855,3.9,6.7,10.5,2.5,0.5,1.5,1.8,5.5,12.5,Washington State,Australia,Undrafted,Undrafted,Undrafted
Austin Rivers,HOU,26,76,200,SG,47,13,1345,4.2,10.1,0.413,1.9,5.9,0.321,2.3,4.2,0.541,0.7,1.3,0.51,0.4,2,2.4,2.9,0.8,0.3,0.9,3.6,10.9,Duke,USA,2012,1,10
Avery Bradley,MEM,28,74,180,SG,49,49,1463,4,10.3,0.383,1.4,4.2,0.337,2.5,6.1,0.415,0.5,0.6,0.8,0.9,2.4,3.2,2.4,0.7,0.4,1.5,3.3,9.8,Texas,USA,2010,1,19
Bam Adebayo,MIA,21,82,255,C,82,28,1913,5.3,9.1,0.576,0.1,0.3,0.2,5.2,8.9,0.588,3.1,4.3,0.735,3.1,8.1,11.2,3.5,1.3,1.2,2.3,3.8,13.7,Kentucky,USA,2017,1,14
Ben McLemore,SAC,26,77,201,SG,19,0,158,5.7,14.6,0.391,3.9,9.3,0.415,1.8,5.2,0.348,1.8,2.7,0.667,0.7,3.2,3.9,0.9,1.4,0.7,1.1,5,17.1,Kansas,USA,2013,1,7
Ben Simmons,PHI,22,82,230,PG,79,79,2700,7.2,12.8,0.563,0,0.1,0,7.2,12.7,0.566,3.4,5.7,0.6,2.3,7,9.3,8.1,1.5,0.8,3.7,2.8,17.8,Louisiana State,Australia,2016,1,1
Billy Garrett,NYK,24,78,215,SG,4,0,63,6.3,15.4,0.407,0,4.6,0,6.3,10.9,0.579,2.3,2.3,1,0,1.7,1.7,4,0.6,0.6,1.1,1.7,14.9,None,USA,Undrafted,Undrafted,Undrafted
Bismack Biyombo,CHA,26,81,255,C,54,32,783,4.1,7.2,0.571,0,0,NA,4.1,7.2,0.571,2.7,4.2,0.637,3.7,7.6,11.4,1.5,0.5,1.9,1.6,4.7,10.9,None,Democratic Re...,2011,1,7
Blake Griffin,DET,30,82,250,PF,75,75,2622,8.5,18.4,0.462,2.6,7.2,0.362,5.9,11.2,0.525,5.7,7.6,0.753,1.4,6.4,7.8,5.5,0.7,0.4,3.5,2.7,25.3,Oklahoma,USA,2009,1,1
Boban Marjanovic,PHI,30,87,290,C,36,9,376,8.1,13.4,0.607,0,0.2,0,8.1,13.2,0.616,6.9,9.1,0.758,5.3,9.3,14.6,2.1,1.1,1.6,3.5,5.5,23.2,None,Serbia,Undrafted,Undrafted,Undrafted
Bobby Portis,WAS,24,83,250,PF,28,22,768,7.4,16.7,0.44,2.3,5.6,0.403,5.1,11.2,0.458,1.8,2.2,0.809,3,8.4,11.3,2,1.1,0.6,2.1,3.9,18.7,Arkansas,USA,2015,1,22
Bogdan Bogdanovic,SAC,26,78,205,SG,70,17,1947,6.7,16,0.418,2.5,6.9,0.36,4.2,9.1,0.462,2.5,3,0.827,0.7,3.8,4.5,4.9,1.3,0.3,2.2,2.6,18.3,None,Serbia,2014,1,27
Bojan Bogdanovic,IND,30,80,216,SF,81,81,2573,7.3,14.7,0.497,2.3,5.4,0.425,5,9.3,0.538,3.4,4.3,0.807,0.5,4.2,4.7,2.3,1,0,1.9,1.9,20.3,None,Croatia,2011,2,31
Bonzie Colson,MIL,23,78,225,SF,8,2,98,4.8,14.3,0.333,1.8,7.7,0.238,2.9,6.6,0.444,2.9,3.3,0.889,2.9,8.1,11,1.1,1.8,0.4,1.1,1.1,14.3,Notre Dame,USA,Undrafted,Undrafted,Undrafted
Brad Wanamaker,BOS,29,76,210,PG,36,0,343,5.2,11,0.476,1.7,4.1,0.41,3.6,6.9,0.515,2.5,2.9,0.857,0.3,4,4.3,5.9,1.3,0.2,2,3.6,14.7,Pittsburgh,USA,Undrafted,Undrafted,Undrafted
Bradley Beal,WAS,25,77,207,SG,82,82,3028,9.1,19.1,0.475,2.5,7.1,0.351,6.6,12,0.548,4.3,5.3,0.808,1.1,3.8,4.9,5.3,1.4,0.7,2.7,2.7,25,Florida,USA,2012,1,3
Brandon Goodwin,DEN,23,74,180,PG,16,0,57,3.8,14.5,0.261,1.3,3.8,0.333,2.5,10.7,0.235,5.7,6.9,0.818,0.6,1.3,1.9,8.8,0,0,1.9,4.4,14.5,None,USA,Undrafted,Undrafted,Undrafted
Brandon Ingram,LAL,21,81,190,SF,52,52,1760,7.4,14.9,0.497,0.6,1.9,0.33,6.8,13,0.521,4,5.9,0.675,0.8,4.6,5.5,3.2,0.6,0.6,2.6,3,19.4,Duke,USA,2016,1,2
Brandon Knight,CLE,27,75,195,PG,27,26,618,5.1,12.4,0.413,2.1,5.7,0.371,3,6.8,0.448,1,1.3,0.783,0.5,2.4,2.9,3.6,1.1,0.1,1.5,2.8,13.4,Kentucky,USA,2011,1,8
Brandon Sampson,CHI,22,77,184,SG,14,2,214,4.7,10.1,0.467,1.9,4.9,0.379,2.9,5.2,0.548,0.7,1,0.667,0.5,2.2,2.7,1.7,1.3,0.5,2,3.2,11.9,None,USA,Undrafted,Undrafted,Undrafted
Brook Lopez,MIL,31,84,270,C,81,81,2322,5.5,12.2,0.452,2.9,7.9,0.365,2.6,4.2,0.613,1.7,2.1,0.842,0.5,5.6,6.1,1.5,0.8,2.8,1.3,2.9,15.6,Stanford,USA,2008,1,10
Bruce Brown,DET,22,77,202,SG,74,56,1449,3.1,7.8,0.398,0.6,2.3,0.258,2.5,5.5,0.457,1.1,1.5,0.75,1.2,3.4,4.6,2.3,1,0.9,1.1,4.4,7.9,Miami (FL),USA,2018,2,42
Bruno Caboclo,MEM,23,81,218,SF,34,19,800,4.3,10.1,0.427,2.2,5.9,0.369,2.2,4.3,0.505,1.9,2.3,0.84,1.9,5.2,7.1,2.3,0.6,1.5,1.7,3.6,12.7,None,Brazil,2014,1,20
Bryn Forbes,SAS,25,75,190,SG,82,81,2293,5.7,12.4,0.456,2.8,6.5,0.426,2.9,5.9,0.489,1.1,1.2,0.885,0.3,3.5,3.8,2.7,0.7,0.1,1.3,2.5,15.2,Michigan State,USA,Undrafted,Undrafted,Undrafted
Buddy Hield,SAC,26,76,214,SG,82,82,2615,8.6,18.7,0.458,3.8,9,0.427,4.7,9.8,0.487,2.4,2.7,0.886,1.5,4.2,5.7,2.8,0.8,0.5,2,2.8,23.3,Oklahoma,Bahamas,2016,1,6
C.J. Williams,MIN,29,77,226,SG,15,0,128,4.8,9.8,0.486,1.4,4.5,0.313,3.4,5.3,0.632,0,0.3,0,0.3,2,2.3,3.4,1.7,0,1.4,4.5,11,North Carolina State,USA,Undrafted,Undrafted,Undrafted
Caleb Swanigan,SAC,22,81,250,PF,18,0,145,3.5,10.9,0.318,0.2,1.2,0.2,3.2,9.7,0.333,1.5,1.7,0.857,3.2,9.7,12.9,1.7,1,0,4,5.5,8.7,Purdue,USA,2017,1,26
Cameron Payne,CLE,24,75,190,PG,31,12,536,4.6,11.3,0.411,1.1,4,0.271,3.6,7.3,0.486,1.5,1.7,0.88,0.7,2.9,3.6,5.6,1.3,0.4,2.3,3.3,11.8,Murray State,USA,2015,1,14
Cameron Reynolds,MIN,24,80,225,SG,19,0,259,4.6,10.8,0.423,2.9,7.1,0.412,1.7,3.8,0.444,1.1,1.3,0.889,0.6,3.8,4.3,1.8,0.8,0.3,0.7,3.6,13.2,None,USA,Undrafted,Undrafted,Undrafted
Caris LeVert,BKN,24,79,204,SF,40,25,1063,7,16.4,0.429,1.6,5.2,0.312,5.4,11.1,0.483,2.9,4.2,0.691,1.2,3.9,5.1,5.3,1.4,0.5,2.3,2.6,18.5,Michigan,USA,2016,1,20
Carmelo Anthony,HOU,35,80,240,PF,10,2,294,6,14.8,0.405,2.6,7.8,0.328,3.4,7,0.491,1.8,2.7,0.682,1.1,5.5,6.6,0.6,0.5,0.9,1,3.9,16.4,Syracuse,USA,2003,1,3
Cedi Osman,CLE,24,80,215,SF,76,75,2444,5.3,12.4,0.427,1.9,5.5,0.348,3.4,6.9,0.489,2.1,2.7,0.779,0.7,4.6,5.3,2.9,0.9,0.2,1.7,2.9,14.6,None,Turkey,2015,2,31
Chandler Hutchison,CHI,23,79,197,SF,44,14,895,3.9,8.4,0.459,0.6,2,0.28,3.3,6.4,0.516,0.9,1.5,0.605,1.2,6.2,7.4,1.4,0.9,0.2,1,2.4,9.2,Boise State,USA,2018,1,22
Chandler Parsons,MEM,30,82,230,SF,25,3,496,4.9,13.2,0.374,2.1,6.8,0.309,2.8,6.4,0.443,1.6,1.8,0.88,0.3,4.8,5.1,3.1,1.4,0.4,2.3,3.3,13.6,Florida,USA,2011,2,38
Channing Frye,CLE,36,84,255,C,36,6,341,4.5,12.4,0.368,3.4,8.3,0.405,1.2,4,0.289,1.2,1.5,0.786,0.4,5.1,5.5,2.1,0.6,0.5,1.4,4.6,13.6,Arizona,USA,2005,1,8
Chasson Randle,WAS,26,74,185,PG,49,2,743,4.4,10.5,0.419,2.2,5.6,0.4,2.2,4.9,0.441,2.1,3,0.694,0.5,2.2,2.7,4.7,1.2,0.1,2.1,4.4,13.1,Stanford,USA,Undrafted,Undrafted,Undrafted
Cheick Diallo,NOP,22,81,220,PF,64,1,896,6.8,10.9,0.62,0,0.2,0.25,6.7,10.7,0.625,2,2.7,0.746,3,10.3,13.3,1.3,1.2,1.3,2,4.5,15.5,Kansas,Mali,2016,2,33
Chimezie Metu,SAS,22,82,225,PF,29,0,145,4.7,14.4,0.328,0,0.5,0,4.7,13.9,0.339,3.2,4.2,0.765,2.2,6.7,8.9,3.2,1.5,0.5,3.7,3.5,12.7,Southern California,USA,2018,2,49
Chris Boucher,TOR,26,82,200,PF,28,0,163,7.5,16.8,0.447,2.7,8.2,0.324,4.9,8.6,0.564,2.9,3.3,0.867,3.5,8.8,12.4,0.4,1.3,5.3,1.5,6.8,20.5,Oregon,Canada,Undrafted,Undrafted,Undrafted
Chris Chiozza,HOU,23,72,175,PG,7,0,33,2.2,8.7,0.25,2.2,5.5,0.4,0,3.3,0,0,0,NA,1.1,3.3,4.4,4.4,1.1,1.1,1.1,2.2,6.5,None,USA,Undrafted,Undrafted,Undrafted
Chris Paul,HOU,34,72,175,PG,58,58,1857,5.9,14,0.419,2.5,6.9,0.358,3.4,7.1,0.479,3.4,3.9,0.862,0.7,4.4,5.1,9.2,2.2,0.3,2.9,2.8,17.6,Wake Forest,USA,2005,1,4
Christian Wood,NOP,23,82,214,PF,13,0,62,7,14.5,0.48,1.7,2.9,0.6,5.2,11.6,0.45,5.8,8.7,0.667,2.3,9.3,11.6,1.2,0,0,1.7,1.7,21.5,Nevada-Las Vegas,USA,Undrafted,Undrafted,Undrafted
CJ McCollum,POR,27,75,190,SG,70,70,2375,8.7,18.8,0.459,2.5,6.7,0.375,6.1,12.1,0.506,2.4,2.9,0.828,0.9,3.3,4.3,3.1,0.8,0.4,1.6,2.6,22.3,Lehigh,USA,2013,1,10
Clint Capela,HOU,25,82,240,C,67,67,2249,7.6,11.7,0.648,0,0,NA,7.6,11.7,0.648,2.7,4.2,0.636,4.8,8.8,13.6,1.5,0.7,1.6,1.5,2.7,17.8,None,Switzerland,2014,1,25
Cody Zeller,CHA,26,84,240,C,49,47,1243,5.5,10,0.551,0.2,0.6,0.273,5.3,9.4,0.57,3.2,4.1,0.787,3.2,6.5,9.6,3,1.1,1.2,1.8,4.7,14.4,Indiana,USA,2013,1,4
Collin Sexton,CLE,20,74,190,PG,82,72,2605,7.2,16.7,0.43,1.6,4.1,0.402,5.5,12.6,0.44,3,3.5,0.839,0.8,2.5,3.3,3.4,0.6,0.1,2.6,2.6,18.9,Alabama,USA,2018,1,8
Corey Brewer,SAC,33,81,186,SF,24,0,352,3.4,7.6,0.446,1,3.1,0.333,2.4,4.5,0.523,2.3,3.1,0.733,2.3,3.8,6,3,2,0.5,1.1,4.8,10,Florida,USA,2007,1,7
Cory Joseph,IND,27,75,193,PG,82,9,2063,3.9,9.6,0.412,1,3,0.322,3,6.6,0.454,0.5,0.8,0.698,0.7,4.2,4.9,5.6,1.6,0.4,1.4,2.3,9.4,Texas,Canada,2011,1,29
Courtney Lee,DAL,33,77,215,SG,22,4,268,4.3,11,0.39,1.5,5.2,0.282,2.8,5.8,0.488,0.7,0.9,0.714,0.4,3.2,3.6,2.8,1.7,0.1,1.2,2.6,10.7,Western Kentucky,USA,2008,1,22
Cristiano Felicio,CHI,26,82,265,C,60,0,746,4.6,8.6,0.531,0,0.2,0,4.6,8.4,0.543,2.4,3.5,0.685,3.8,6.7,10.5,1.8,0.5,0.3,1.6,3.3,11.6,None,Brazil,Undrafted,Undrafted,Undrafted
D'Angelo Russell,BKN,23,77,198,PG,81,81,2448,9.7,22.3,0.434,3.4,9.3,0.369,6.2,13,0.482,2.4,3,0.78,0.8,3.9,4.6,8.3,1.5,0.3,3.7,2.1,25.2,Ohio State,USA,2015,1,2
D.J. Augustin,ORL,31,72,183,PG,81,81,2269,5,10.7,0.47,2.1,4.9,0.421,3,5.8,0.511,2.9,3.3,0.866,0.7,2.6,3.2,6.8,0.8,0.1,2,1.8,15,Texas,USA,2008,1,9
D.J. Wilson,MIL,23,82,231,PF,48,3,882,4.2,10.2,0.414,1.9,5.2,0.362,2.4,5.1,0.468,1.1,1.9,0.553,1.8,7.2,9.1,2.1,0.7,0.8,1.3,3.5,11.4,Michigan,USA,2017,1,17
Dairis Bertans,NOP,29,76,200,SG,12,0,167,2.6,10.1,0.255,2.2,7.3,0.294,0.4,2.8,0.154,0,0,NA,0.4,1.5,1.9,2.2,0.2,0,0.4,1.5,7.3,None,Latvia,Undrafted,Undrafted,Undrafted
Damian Jones,GSW,23,84,245,C,24,22,410,4.7,6.5,0.716,0,0,NA,4.7,6.5,0.716,2.1,3.2,0.649,2.7,3.9,6.6,2.5,1.1,2.2,1.4,5.5,11.4,Vanderbilt,USA,2016,1,30
Damian Lillard,POR,28,75,195,PG,80,80,2838,8.6,19.4,0.444,3,8.2,0.369,5.6,11.3,0.499,5.9,6.5,0.912,0.9,3.8,4.7,7,1.1,0.4,2.7,1.9,26.2,Weber State,USA,2012,1,6
Damion Lee,GSW,26,78,210,SG,32,0,375,5.4,12.2,0.441,2.6,6.5,0.397,2.8,5.7,0.492,1.8,2.1,0.864,0.8,5.4,6.1,1.2,1.2,0,1.1,2.7,15.2,Louisville,USA,Undrafted,Undrafted,Undrafted
Damyean Dotson,NYK,25,78,210,SG,73,40,2004,5.2,12.5,0.415,2.3,6.1,0.368,2.9,6.4,0.461,1.3,1.8,0.745,0.6,4.1,4.7,2.4,1,0.2,1.3,2.4,14,Houston,USA,2017,2,44
Daniel Hamilton,ATL,23,79,195,SG,19,3,204,4.1,10.6,0.383,1.4,4.1,0.348,2.6,6.5,0.405,0.5,1.1,0.5,1.8,6.5,8.3,3.9,1.1,0.2,2.8,3.4,10.1,Connecticut,USA,2016,2,56
Daniel Theis,BOS,27,80,243,C,66,2,908,5.8,10.5,0.549,1,2.7,0.388,4.8,7.9,0.603,2.2,3,0.737,3.4,5.5,8.9,2.7,0.8,1.7,1.3,6.4,14.8,None,Germany,Undrafted,Undrafted,Undrafted
Danilo Gallinari,LAC,30,82,225,SF,68,68,2059,7.2,15.5,0.463,2.8,6.5,0.433,4.3,9,0.484,6.4,7.1,0.904,0.9,6.3,7.3,3.1,0.9,0.4,1.7,2.3,23.5,None,Italy,2008,1,6
Danny Green,TOR,31,78,215,SG,80,80,2216,4.8,10.2,0.465,3.2,7.1,0.455,1.5,3.2,0.487,0.6,0.7,0.841,1,4.2,5.1,2,1.2,0.9,1.2,2.8,13.3,North Carolina,USA,2009,2,46
Dante Cunningham,SAS,32,80,230,PF,64,21,928,2.9,6.1,0.475,1.2,2.5,0.462,1.7,3.6,0.484,0.5,0.7,0.778,1.9,5.4,7.3,1.9,1,0.5,0.9,2.8,7.5,Villanova,USA,2009,2,33
Dante Exum,UTA,23,78,190,PG,42,1,664,5.5,13.1,0.419,1,3.4,0.29,4.5,9.7,0.464,3.7,4.7,0.791,0.9,2.8,3.7,6,0.8,0.3,2.8,3.7,15.6,None,Australia,2014,1,5
Dario Saric,MIN,25,82,223,PF,68,28,1627,5.7,12.5,0.454,2.1,5.6,0.383,3.5,6.9,0.511,2.3,2.7,0.875,2.3,5.9,8.2,2.2,0.9,0.1,1.6,3.2,15.8,None,Croatia,2014,1,12
Darius Miller,NOP,29,80,225,SF,69,15,1757,3.9,9.9,0.39,2.7,7.5,0.365,1.1,2.5,0.467,1.1,1.5,0.789,0.3,2.3,2.6,3,0.8,0.5,1.2,3.4,11.6,Kentucky,USA,2012,2,46
Darren Collison,IND,31,72,175,PG,76,76,2143,5.2,11.1,0.467,1.3,3.3,0.407,3.8,7.8,0.492,2.7,3.2,0.832,0.6,3.3,3.9,7.7,1.8,0.2,2.1,2.3,14.3,California-Los Angeles,USA,2009,1,21
Daryl Macon,DAL,23,75,185,SG,8,0,90,4,10.8,0.37,2,4.4,0.455,2,6.4,0.313,1.6,2.8,0.571,0.8,4,4.8,2.8,0.4,0,2.4,3.2,11.6,Arkansas,USA,Undrafted,Undrafted,Undrafted
David Nwaba,CLE,26,76,219,SG,51,14,984,4.6,9.6,0.481,0.9,2.7,0.32,3.7,6.8,0.545,2.1,3.1,0.682,1.5,4.5,6,2,1.3,0.6,1.1,3.9,12.2,None,USA,Undrafted,Undrafted,Undrafted
Davis Bertans,SAS,26,82,225,PF,76,12,1632,4.5,10,0.45,3.2,7.5,0.429,1.3,2.5,0.513,1.2,1.3,0.883,0.5,5.3,5.8,2.2,0.8,0.7,0.9,2.9,13.4,None,Latvia,2011,2,42
Davon Reed,IND,24,77,208,SG,10,0,47,3.8,9.2,0.417,1.5,3.1,0.5,2.3,6.1,0.375,0,0,NA,1.5,3.1,4.6,2.3,0.8,0,0.8,2.3,9.2,Miami (FL),USA,2017,2,32
De'Aaron Fox,SAC,21,75,175,PG,81,81,2546,7.1,15.6,0.458,1.2,3.3,0.371,5.9,12.3,0.482,4.3,5.9,0.727,0.6,3.7,4.3,8.3,1.9,0.6,3.2,2.9,19.8,Kentucky,USA,2017,1,5
De'Anthony Melton,PHX,21,76,200,PG,50,31,984,3.7,9.4,0.391,1.1,3.5,0.305,2.6,5.9,0.441,0.8,1,0.75,0.9,4,4.9,5.8,2.5,0.8,2.7,4.1,9.1,Southern California,USA,2018,2,46
DeAndre' Bembry,ATL,24,78,210,SG,82,15,1931,5.1,11.5,0.446,0.9,3.2,0.289,4.2,8.3,0.508,1.6,2.5,0.64,1,5.7,6.7,3.8,2,0.8,2.6,3.5,12.8,Saint Joseph's,USA,2016,1,21
Deandre Ayton,PHX,20,85,250,C,71,70,2183,8.4,14.3,0.585,0,0.1,0,8.4,14.3,0.588,2.3,3.1,0.746,3.7,8.3,12,2.1,1,1.1,2.1,3.4,19.1,Arizona,Bahamas,2018,1,1
DeAndre Jordan,NYK,30,83,265,C,50,50,1554,4.8,7.5,0.644,0,0,NA,4.8,7.5,0.644,3.1,4.6,0.682,3.7,12.2,15.9,2.3,0.8,1.2,2.6,2.9,12.8,Texas A&M,USA,2008,2,35
Delon Wright,MEM,27,77,183,PG,49,2,897,5.1,11.8,0.433,1.2,3.6,0.333,3.9,8.1,0.478,2.1,2.4,0.869,1.6,3.5,5,4.4,1.8,0.6,1.5,2.1,13.5,Utah,USA,2015,1,20
DeMar DeRozan,SAS,29,79,220,SG,77,77,2688,8.5,17.6,0.481,0.1,0.6,0.156,8.4,17,0.492,4.9,5.9,0.83,0.7,5.5,6.2,6.4,1.2,0.5,2.7,2.4,21.9,Southern California,USA,2009,1,9
DeMarcus Cousins,GSW,28,83,270,C,30,30,771,8.3,17.3,0.48,1.2,4.4,0.274,7.1,12.9,0.551,4.9,6.7,0.736,2,9.5,11.5,5,1.9,2.1,3.4,5.1,22.8,Kentucky,USA,2010,1,5
DeMarre Carroll,BKN,32,80,215,PF,67,8,1703,4.8,12.2,0.395,2.2,6.6,0.342,2.6,5.6,0.457,3.9,5.1,0.76,1.4,5.9,7.4,1.8,0.7,0.2,1.5,2.4,15.7,Missouri,USA,2009,1,27
Demetrius Jackson,PHI,24,73,201,PG,6,0,39,7.4,13.8,0.533,1.8,5.5,0.333,5.5,8.3,0.667,3.7,3.7,1,1.8,0.9,2.8,4.6,1.8,0,0.9,3.7,20.3,Notre Dame,USA,2016,2,45
Deng Adel,CLE,22,79,200,SF,19,3,194,2,6.7,0.306,1.1,4.3,0.261,0.9,2.4,0.385,0.7,0.7,1,0.6,3,3.5,0.9,0.2,0.7,1.1,2.4,5.9,None,South Sudan,Undrafted,Undrafted,Undrafted
Dennis Schroder,OKC,25,73,172,PG,79,14,2314,7.1,17.2,0.414,1.9,5.7,0.341,5.2,11.5,0.45,2.9,3.5,0.819,0.6,3.8,4.4,5,1,0.2,2.7,2.9,19,None,Germany,2013,1,17
Deonte Burton,OKC,25,77,245,SG,32,0,240,5,12.3,0.402,1.2,4.1,0.296,3.7,8.2,0.455,1.2,1.8,0.667,0.6,3.6,4.2,1.4,0.9,1.2,1.4,4.6,12.3,Iowa State,USA,Undrafted,Undrafted,Undrafted
Derrick Favors,UTA,27,82,265,C,76,70,1766,7.4,12.6,0.586,0.3,1.6,0.218,7.1,11,0.64,3.1,4.6,0.675,4.2,7.2,11.4,1.8,1.1,2.2,1.7,3.3,18.3,Georgia Tech,USA,2010,1,3
Derrick Rose,MIN,30,75,200,PG,51,13,1392,9.4,19.5,0.482,1.4,3.8,0.37,8,15.7,0.509,3.5,4.1,0.856,0.9,2.8,3.6,5.7,0.8,0.3,2.1,1.5,23.7,Memphis,USA,2008,1,1
Derrick White,SAS,24,76,190,PG,67,55,1728,5.4,11.3,0.479,1,3,0.338,4.4,8.4,0.529,2,2.6,0.772,0.7,4.4,5.1,5.5,1.4,1,2,3,13.8,Colorado,USA,2017,1,29
DeVaughn Akoon-Purcell,DEN,26,78,200,SG,7,0,22,4.9,16.4,0.3,0,6.5,0,4.9,9.8,0.5,1.6,3.3,0.5,1.6,4.9,6.5,9.8,3.3,0,3.3,6.5,11.5,Illinois State,Trinidad and ...,Undrafted,Undrafted,Undrafted
Devin Booker,PHX,22,78,210,SG,64,64,2242,9.4,20.2,0.467,2.2,6.6,0.326,7.2,13.5,0.536,6.3,7.3,0.866,0.6,3.6,4.3,7,0.9,0.2,4.2,3.2,27.3,Kentucky,USA,2015,1,13
Devin Harris,DAL,36,75,185,PG,68,2,1071,4.4,11.7,0.38,2.1,6.7,0.31,2.4,4.9,0.476,3.4,4.5,0.761,0.4,3.4,3.8,4.1,1.2,0.5,1.9,4.5,14.4,Wisconsin,USA,2004,1,5
Devin Robinson,WAS,24,80,200,SF,7,0,95,7.2,12.1,0.594,0,0.8,0,7.2,11.4,0.633,3.4,5.3,0.643,2.3,5.3,7.6,2.3,1.5,2.3,0.8,4.2,17.8,Florida,USA,Undrafted,Undrafted,Undrafted
Devonte' Graham,CHA,24,74,185,PG,46,3,676,3.9,11.5,0.343,1.8,6.4,0.281,2.1,5.1,0.421,1.9,2.4,0.761,0.5,2.8,3.4,6.4,1.2,0.1,1.6,2.6,11.6,Villanova,USA,2018,2,34
Dewayne Dedmon,ATL,29,84,245,C,64,52,1609,5.8,11.8,0.492,1.9,4.9,0.382,3.9,6.9,0.57,2.1,2.5,0.814,2.3,8.4,10.7,2,1.5,1.6,1.9,4.8,15.5,Southern California,USA,Undrafted,Undrafted,Undrafted
Deyonta Davis,ATL,22,83,237,C,9,0,118,4.6,6.7,0.682,0,0.3,0,4.6,6.4,0.714,1.8,3.1,0.6,3.1,7.9,11,1.5,0.9,1.5,0.9,3.7,11,Michigan State,USA,2016,2,31
Dillon Brooks,MEM,23,78,220,SF,18,0,330,5.3,13.3,0.402,1.6,4.4,0.375,3.7,8.9,0.415,2.4,3.3,0.733,1,2.4,3.4,1.7,1.1,0.4,2.1,5.5,14.7,Oregon,Canada,2017,2,45
Dion Waiters,MIA,27,76,215,SG,44,28,1138,6.3,15.1,0.414,3.4,9.1,0.377,2.8,6,0.471,0.7,1.4,0.5,0.2,3.4,3.7,3.8,0.9,0.3,2,2.3,16.7,Syracuse,USA,2012,1,4
Dirk Nowitzki,DAL,40,84,245,PF,51,20,795,6.1,17,0.359,2.9,9.3,0.312,3.2,7.7,0.415,1.8,2.3,0.78,0.2,6.9,7.2,1.6,0.4,0.8,0.8,3.4,16.9,None,Germany,1998,1,9
Domantas Sabonis,IND,23,83,240,C,74,5,1838,8.1,13.7,0.59,0.2,0.3,0.529,7.9,13.4,0.592,4.1,5.7,0.715,3.6,9.9,13.5,4.2,0.9,0.6,3.1,4.7,20.4,Gonzaga,Lithuania,2016,1,11
Donatas Motiejunas,SAS,28,84,220,PF,3,0,13,8.3,16.6,0.5,0,0,NA,8.3,16.6,0.5,0,5.5,0,5.5,2.8,8.3,2.8,0,2.8,8.3,16.6,16.6,None,Lithuania,2011,1,20
Donovan Mitchell,UTA,22,75,215,SG,77,77,2598,9.2,21.2,0.432,2.6,7.2,0.362,6.6,14,0.468,4.4,5.5,0.806,0.8,3.6,4.4,4.5,1.5,0.4,3,2.9,25.3,Louisville,USA,2017,1,13
Donte DiVincenzo,MIL,22,76,203,SG,27,0,411,4.4,10.9,0.403,1.9,7.3,0.265,2.5,3.6,0.683,0.8,1.1,0.75,1.4,4.3,5.7,2.7,1.1,0.5,1.7,3.3,11.5,Villanova,USA,2018,1,17
Donte Grantham,OKC,24,80,215,SF,3,0,2,0,36,0,0,36,0,0,0,NA,0,0,NA,0,0,0,0,0,0,0,0,0,Clemson,USA,Undrafted,Undrafted,Undrafted
Dorian Finney-Smith,DAL,26,80,220,SF,81,26,1985,4.1,9.6,0.432,1.4,4.6,0.311,2.7,5,0.544,1.3,1.9,0.709,2.5,4.6,7.1,1.7,1.3,0.7,1.3,3.4,11,Florida,USA,Undrafted,Undrafted,Undrafted
Doug McDermott,IND,27,80,225,SF,77,1,1340,5.6,11.3,0.491,2.3,5.5,0.408,3.3,5.8,0.569,1.8,2.1,0.835,0.5,2.5,2.9,1.8,0.5,0.2,1.1,2.8,15.2,Creighton,USA,2014,1,11
Dragan Bender,PHX,21,85,225,PF,46,27,826,3.8,8.6,0.447,1,4.4,0.218,2.9,4.2,0.688,1.4,2.4,0.593,1.5,6.5,8,2.4,0.8,1,1.6,3.9,10,None,Croatia,2016,1,4
Draymond Green,GSW,29,79,230,PF,66,66,2065,3.3,7.4,0.445,0.8,2.9,0.285,2.5,4.5,0.549,1.1,1.6,0.692,1,7.3,8.4,7.9,1.7,1.2,2.9,3.4,8.5,Michigan State,USA,2012,2,35
Drew Eubanks,SAS,22,82,245,PF,23,0,113,4.8,8.3,0.577,0,0,NA,4.8,8.3,0.577,3.5,4.1,0.846,1.9,8.9,10.8,2.2,0.6,1.6,2.5,3.5,13.1,None,USA,Undrafted,Undrafted,Undrafted
Duncan Robinson,MIA,25,80,210,PF,15,1,161,4,10.3,0.391,2.2,7.8,0.286,1.8,2.5,0.727,0.9,1.3,0.667,0.4,3.8,4.2,1.1,1.1,0,0.9,2.5,11.2,Michigan,USA,Undrafted,Undrafted,Undrafted
Dusty Hannahs,MEM,25,76,195,SG,2,0,26,4.2,16.6,0.25,0,6.9,0,4.2,9.7,0.429,2.8,2.8,1,0,1.4,1.4,6.9,1.4,0,1.4,1.4,11.1,Arkansas,USA,Undrafted,Undrafted,Undrafted
Dwayne Bacon,CHA,23,79,221,SG,43,13,759,5.8,12.2,0.475,1.8,4.1,0.437,4,8.1,0.494,1.6,2.2,0.739,0.4,3.8,4.2,2.2,0.6,0.2,0.9,3.4,15,Florida State,USA,2017,2,40
Dwight Howard,WAS,33,83,265,C,9,9,230,6.7,10.8,0.623,0,0,NA,6.7,10.8,0.623,4.5,7.5,0.604,3.8,9.2,13,0.6,1.1,0.6,2.5,5.3,18,None,USA,2004,1,1
Dwight Powell,DAL,27,83,240,C,77,22,1662,6.3,10.5,0.597,0.8,2.8,0.307,5.4,7.8,0.699,4.2,5.5,0.772,3,5.9,8.9,2.4,1,1.1,1.5,4.4,17.7,Stanford,Canada,2014,2,45
Dwyane Wade,MIA,37,76,220,SG,72,2,1885,7.9,18.3,0.433,1.6,5,0.33,6.3,13.3,0.472,3.2,4.4,0.708,1.3,4.1,5.4,5.7,1.1,0.7,3.2,2.3,20.7,Marquette,USA,2003,1,5
Dzanan Musa,BKN,20,81,208,SG,9,0,39,8.3,20.3,0.409,0.9,9.2,0.1,7.4,11.1,0.667,0,1.8,0,0.9,3.7,4.6,1.8,1.8,0,3.7,0.9,17.5,None,Bosnia and He...,2018,1,29
E'Twaun Moore,NOP,30,76,191,SG,53,36,1463,6.3,13.1,0.481,1.9,4.3,0.432,4.4,8.8,0.506,1.1,1.5,0.763,0.9,2.3,3.1,2.5,1,0.2,1.5,2.8,15.6,Purdue,USA,2011,2,55
Ed Davis,BKN,30,82,225,C,81,1,1446,4.6,7.5,0.616,0,0,0,4.6,7.5,0.62,2.5,4,0.617,5.4,11.9,17.3,1.5,0.9,0.8,1.6,5.6,11.8,North Carolina,USA,2010,1,13
Edmond Sumner,IND,23,78,176,PG,23,2,210,3.8,11,0.344,1.2,4.6,0.259,2.6,6.3,0.405,2.6,4.1,0.625,1.5,2.6,4.1,1.7,2.1,0.9,1.7,4.5,11.3,Xavier,USA,2017,2,52
Ekpe Udoh,UTA,32,82,245,C,51,1,320,5.6,8.1,0.694,0,0,NA,5.6,8.1,0.694,2.1,3.4,0.633,3,7.1,10.1,3.2,1.1,3.5,1.5,4.1,13.4,Baylor,USA,2010,1,6
Elfrid Payton,NOP,25,76,185,PG,42,42,1250,5.2,11.9,0.434,1,3,0.314,4.2,8.8,0.476,1.6,2.1,0.743,1.4,4.9,6.3,9.2,1.3,0.5,3.2,2.3,12.8,Louisiana-Lafayette,USA,2014,1,10
Elie Okobo,PHX,21,75,190,PG,53,16,958,4.3,10.9,0.393,1.5,5,0.295,2.8,5.9,0.475,1.4,1.8,0.787,0.5,3.2,3.7,4.8,1.2,0.3,2.6,4.1,11.4,None,France,2018,2,31
Emanuel Terry,MIA,22,81,220,PF,2,0,20,7.2,10.8,0.667,0,0,NA,7.2,10.8,0.667,1.8,3.6,0.5,3.6,7.2,10.8,1.8,5.4,0,3.6,7.2,16.2,Lincoln Memorial (TN),USA,Undrafted,Undrafted,Undrafted
Emmanuel Mudiay,NYK,23,77,200,PG,59,42,1607,7.4,16.6,0.446,1.5,4.7,0.329,5.8,11.9,0.492,3.2,4.2,0.774,0.7,3.7,4.4,5.1,1,0.4,3.1,2.3,19.6,None,Democratic Re...,2015,1,7
Enes Kanter,POR,27,83,250,C,44,23,1128,8,14.9,0.536,0.2,0.7,0.318,7.8,14.2,0.547,3.4,4.1,0.814,5.5,9.3,14.7,2.7,0.6,0.5,2.5,3.4,19.6,Kentucky,Turkey,2011,1,3
Eric Bledsoe,MIL,29,73,205,PG,78,78,2272,7.4,15.4,0.484,2,6,0.329,5.5,9.4,0.582,2.8,3.7,0.75,1.3,4.4,5.7,6.8,1.8,0.5,2.6,2.5,19.7,Kentucky,USA,2010,1,18
Eric Gordon,HOU,30,76,215,SG,68,53,2158,6.4,15.6,0.409,3.6,10,0.36,2.8,5.6,0.497,2,2.5,0.783,0.3,2.2,2.5,2.2,0.7,0.5,1.5,2.4,18.4,Indiana,USA,2008,1,7
Eric Moreland,TOR,27,82,238,PF,4,0,38,2.8,6.6,0.429,0.9,0.9,1,1.9,5.7,0.333,0,0,NA,3.8,12.3,16.1,3.8,0.9,0.9,4.7,7.6,6.6,Oregon State,USA,Undrafted,Undrafted,Undrafted
Ersan Ilyasova,MIL,32,82,235,PF,67,7,1231,4.9,11.1,0.438,1.7,4.7,0.363,3.2,6.5,0.493,1.8,2.2,0.824,2.7,6.1,8.8,1.5,0.9,0.6,1.4,5,13.2,None,Turkey,2005,2,36
Evan Fournier,ORL,26,79,205,SG,81,81,2553,6.6,15.1,0.438,2.2,6.3,0.34,4.4,8.7,0.509,1.9,2.4,0.806,0.5,3.1,3.6,4.2,1,0.2,2.2,3.2,17.3,None,France,2012,1,20
Evan Turner,POR,30,79,220,PG,73,2,1605,4.6,9.9,0.46,0.2,1.2,0.212,4.3,8.8,0.494,1.7,2.4,0.708,0.8,6.5,7.4,6.3,0.7,0.4,2.6,2.5,11.1,Ohio State,USA,2010,1,2
Frank Jackson,NOP,21,75,205,PG,61,16,1169,6,13.8,0.434,1.6,5.2,0.314,4.3,8.6,0.507,1.7,2.2,0.74,0.8,3.4,4.1,2.1,0.8,0.1,1.5,2.8,15.2,Duke,USA,2017,2,31
Frank Kaminsky,CHA,26,84,242,C,47,0,755,6.6,14.2,0.463,2.4,6.6,0.36,4.2,7.6,0.553,3.8,5.1,0.738,1.9,5.9,7.8,3,0.6,0.6,2,3.2,19.3,Wisconsin,USA,2015,1,9
Frank Mason,SAC,25,71,190,PG,38,0,435,5.9,14,0.42,1.2,5.3,0.219,4.7,8.7,0.543,3.2,4.7,0.684,0.5,3.1,3.6,7,1.3,0.3,3,2.8,16.1,Kansas,USA,2017,2,34
Frank Ntilikina,NYK,20,78,200,PG,43,16,904,3.8,11.2,0.337,1.3,4.6,0.287,2.5,6.7,0.371,0.9,1.2,0.767,0.5,3,3.5,4.8,1.2,0.6,2.2,4.1,9.8,None,France,2017,1,8
Fred VanVleet,TOR,25,72,195,PG,64,28,1760,5,12.3,0.41,2.3,6.1,0.378,2.7,6.2,0.441,2,2.4,0.843,0.4,3,3.4,6.3,1.2,0.4,1.7,2.3,14.3,Wichita State,USA,Undrafted,Undrafted,Undrafted
Furkan Korkmaz,PHI,21,79,190,SG,48,7,679,5.2,13,0.4,2.5,7.6,0.326,2.7,5.4,0.505,1.9,2.3,0.818,0.8,4.8,5.7,2.8,1.5,0.1,1.3,3.3,14.8,None,Turkey,2016,1,26
Garrett Temple,LAC,33,78,195,SG,49,49,1530,3.9,9.1,0.429,1.7,4.9,0.352,2.2,4.2,0.52,1.3,1.8,0.75,0.4,3.2,3.6,1.6,1.2,0.6,1.3,3.2,10.9,Louisiana State,USA,Undrafted,Undrafted,Undrafted
Gary Clark,HOU,24,80,225,PF,51,2,641,2.8,8.5,0.331,2.3,7.8,0.297,0.5,0.7,0.692,0.4,0.4,1,1.3,5.2,6.5,1,1.1,1.5,0.4,2.6,8.3,None,USA,Undrafted,Undrafted,Undrafted
Gary Harris,DEN,24,76,210,SG,57,48,1639,5.9,14,0.424,1.8,5.3,0.339,4.1,8.7,0.476,2.5,3.2,0.799,0.9,2.6,3.5,2.8,1.2,0.4,1.5,2.5,16.2,Michigan State,USA,2014,1,19
George Hill,MIL,33,75,188,PG,47,0,958,4.3,10.1,0.428,1.3,4.7,0.28,3,5.4,0.556,2,2.4,0.815,1,3.5,4.5,3.7,1.5,0.3,1.2,2.5,11.9,IUPUI,USA,2008,1,26
George King,PHX,25,78,220,SF,1,0,6,0,0,NA,0,0,NA,0,0,NA,0,0,NA,0,6,6,0,0,0,0,0,0,Colorado,USA,2018,2,59
Georges Niang,UTA,25,80,230,PF,59,0,516,6,12.6,0.475,3,7.3,0.41,3,5.3,0.566,1.4,1.7,0.833,0.8,5.3,6.1,2.4,0.7,0.4,1.6,4,16.4,Iowa State,USA,2016,2,50
Gerald Green,HOU,33,79,205,SG,73,0,1473,5.6,14.1,0.4,3.8,10.8,0.354,1.8,3.3,0.547,1.4,1.7,0.838,0.7,3.7,4.4,1,0.8,0.7,1.3,3.1,16.5,None,USA,2005,1,18
Giannis Antetokounmpo,MIL,24,83,242,PF,72,72,2358,11,19,0.578,0.8,3.1,0.256,10.2,15.9,0.641,7.6,10.5,0.729,2.4,11.3,13.7,6.5,1.4,1.7,4.1,3.5,30.4,None,Greece,2013,1,15
Goran Dragic,MIA,33,75,190,PG,36,22,991,6.5,15.7,0.413,2.1,6,0.348,4.4,9.8,0.454,2.9,3.7,0.782,0.7,3.3,4,6.3,1.1,0.2,2.6,2.9,17.9,None,Slovenia,2008,2,45
Gordon Hayward,BOS,29,80,225,PF,72,18,1863,5.7,12.3,0.466,1.5,4.5,0.333,4.2,7.8,0.542,3,3.6,0.834,1,5.2,6.2,4.7,1.2,0.4,2,2,15.9,Butler,USA,2010,1,9
Gorgui Dieng,MIN,29,83,252,C,76,2,1031,6.6,13.2,0.501,0.7,2,0.339,5.9,11.2,0.53,3.1,3.7,0.83,2.8,8,10.9,2.5,1.7,1.4,2,4.7,16.9,Louisville,Senegal,2013,1,21
Grayson Allen,UTA,23,77,198,SG,38,2,416,5.8,15.4,0.376,2.8,8.6,0.323,3,6.8,0.443,3.9,5.2,0.75,0.3,1.7,2,2.2,0.5,0.5,2.9,4.1,18.3,Duke,USA,2018,1,21
Greg Monroe,PHI,29,83,265,C,38,2,423,6.3,13.7,0.46,0,0.3,0,6.3,13.4,0.471,3,5.2,0.574,5.1,8.2,13.3,1.4,1.1,0.7,2.6,5.2,15.6,Georgetown,USA,2010,1,7
Guerschon Yabusele,BOS,23,80,260,PF,41,1,251,5,11,0.455,1.3,4,0.321,3.7,7,0.531,2.2,3.2,0.682,3.3,4.3,7.6,2.2,1.1,1,2.2,4.6,13.5,None,France,2016,1,16
Hamidou Diallo,OKC,20,77,198,SG,51,3,526,5.1,11.3,0.455,0.3,1.6,0.167,4.9,9.7,0.504,2.5,4,0.61,2.6,4,6.6,1.2,1.4,0.7,1.6,5.3,13,Kentucky,USA,2018,2,45
Harrison Barnes,SAC,27,80,225,PF,49,49,1584,6.6,16.3,0.404,2.7,7.1,0.389,3.8,9.2,0.416,3.7,4.5,0.833,0.8,3.9,4.7,1.4,0.7,0.2,1.5,1.8,19.7,North Carolina,USA,2012,1,7
Hassan Whiteside,MIA,30,84,265,C,72,53,1674,8.3,14.6,0.571,0,0.3,0.125,8.3,14.3,0.581,2.3,5.2,0.449,5.5,12,17.6,1.2,1,2.9,2.1,4.1,19.1,Marshall,USA,2010,2,33
Haywood Highsmith,PHI,22,79,220,SF,5,0,40,3.6,9,0.4,0.9,4.5,0.2,2.7,4.5,0.6,0,1.8,0,0,4.5,4.5,1.8,0.9,0,0.9,0.9,8.1,None,USA,Undrafted,Undrafted,Undrafted
Henry Ellenson,NYK,22,83,245,PF,17,0,234,5.4,13.1,0.412,2.3,5.2,0.441,3.1,7.8,0.392,2.6,3.5,0.739,0.8,8,8.8,2.3,1.1,0.3,1.4,3.8,15.7,Marquette,USA,2016,1,18
Ian Clark,NOP,28,75,175,SG,60,6,973,5.6,14.2,0.394,2.4,7.5,0.327,3.1,6.7,0.47,1.2,1.4,0.892,0.5,2.8,3.3,3.5,0.8,0.3,2.1,3.5,14.8,Belmont,USA,Undrafted,Undrafted,Undrafted
Ian Mahinmi,WAS,32,83,262,C,34,6,498,3.4,7.5,0.452,0.2,1.2,0.188,3.2,6.4,0.5,3,4.4,0.689,3.5,5.8,9.3,1.8,1.8,1.2,1.5,6.1,10,None,France,2005,1,28
Ike Anigbogu,IND,20,82,250,C,3,0,6,0,18,0,0,0,NA,0,18,0,0,0,NA,6,12,18,6,0,6,6,0,0,California-Los Angeles,USA,2017,2,47
Iman Shumpert,HOU,28,77,215,SG,42,40,1099,4.4,11.4,0.382,2.4,6.6,0.366,1.9,4.8,0.404,1.1,1.3,0.829,0.6,3.6,4.2,3,1.5,0.7,1.2,3,12.3,Georgia Tech,USA,2011,1,17
Isaac Bonga,LAL,19,80,180,PG,22,0,120,1.5,9.9,0.152,0,2.4,0,1.5,7.5,0.2,2.7,4.5,0.6,2.7,4.8,7.5,4.5,2.7,1.2,1.8,2.7,5.7,None,Germany,2018,2,39
Isaac Humphries,ATL,21,84,260,C,5,1,56,3.9,13.5,0.286,1.9,7.1,0.273,1.9,6.4,0.3,0,0,NA,2.6,4.5,7.1,0,0.6,0,0,4.5,9.6,University of Kentucky,Australia,Undrafted,Undrafted,Undrafted
Isaiah Briscoe,ORL,23,75,215,PG,39,0,559,3.5,8.9,0.399,0.7,2.2,0.324,2.8,6.7,0.423,1,1.7,0.577,0.3,4.4,4.8,5.6,0.7,0.1,2,4.3,8.8,None,USA,Undrafted,Undrafted,Undrafted
Isaiah Canaan,MIL,28,72,200,PG,19,15,503,3.7,9.2,0.395,1.8,5.2,0.347,1.9,4.1,0.456,1.1,1.4,0.75,0.4,3.1,3.5,4.4,0.9,0,2.1,3.3,10.2,Murray State,USA,2013,2,34
Isaiah Hartenstein,HOU,21,84,249,PF,28,0,221,3.3,6.7,0.488,0.3,1,0.333,2.9,5.7,0.514,1.8,2.3,0.786,3.4,4.2,7.7,2.4,1.1,2,2.1,9.1,8.6,None,Germany,2017,2,43
Isaiah Hicks,NYK,24,81,230,PF,3,0,32,4.5,9,0.5,0,0,NA,4.5,9,0.5,4.5,5.6,0.8,2.3,5.6,7.9,2.3,1.1,3.4,1.1,5.6,13.5,North Carolina,USA,Undrafted,Undrafted,Undrafted
Isaiah Thomas,DEN,30,69,185,SG,12,0,181,6.8,19.7,0.343,2.4,8.6,0.279,4.4,11.1,0.393,3.4,5.4,0.63,1,1.6,2.6,4.6,1,0.2,3.6,3.4,19.3,Washington,USA,2011,2,60
Ish Smith,DET,30,72,175,PG,56,0,1251,5.9,14.1,0.419,1.3,3.9,0.326,4.6,10.2,0.455,1.4,1.8,0.758,0.7,3.5,4.2,5.8,0.8,0.3,1.8,3.1,14.4,Wake Forest,USA,Undrafted,Undrafted,Undrafted
Ivan Rabb,MEM,22,82,220,PF,49,13,721,5.8,10.6,0.547,0.1,0.7,0.2,5.6,9.8,0.574,2.4,3.4,0.71,3.5,6.8,10.3,2.7,0.8,0.7,1.7,4.5,14.2,California,USA,2017,2,35
Ivica Zubac,LAC,22,85,240,C,33,12,516,7.8,13.5,0.58,0,0,NA,7.8,13.5,0.58,4,4.6,0.864,3.8,7.5,11.3,1.7,0.3,1.9,2.3,5.1,19.6,None,Croatia,2016,2,32
J.J. Barea,DAL,34,72,185,PG,38,0,752,7.7,18.4,0.418,1.8,6.1,0.297,5.9,12.3,0.479,2.6,3.7,0.705,0.6,3.9,4.5,10.1,1.1,0,3.4,2.4,19.9,Northeastern,Puerto Rico,Undrafted,Undrafted,Undrafted
J.P. Macura,CHA,24,77,205,SG,2,0,17,6.4,19.1,0.333,0,8.5,0,6.4,10.6,0.6,0,0,NA,0,6.4,6.4,4.2,0,0,0,0,12.7,Xavier (Ohio),USA,Undrafted,Undrafted,Undrafted
Jabari Parker,WAS,24,80,245,PF,39,17,1042,7.6,16,0.474,1.3,3.9,0.325,6.3,12.1,0.523,2.7,3.7,0.731,1.4,6.9,8.3,2.9,0.8,0.5,2.9,3,19.2,Duke,USA,2014,1,2
Jacob Evans,GSW,21,78,210,SG,30,1,204,3.2,9.4,0.34,0.7,2.6,0.267,2.5,6.7,0.368,0,0.2,0,1.1,3.4,4.4,4.1,0.9,0.5,1.9,4.9,7.1,Cincinnati,USA,2018,1,28
Jae Crowder,UTA,28,78,235,SF,80,11,2166,5.3,13.2,0.399,2.9,8.7,0.331,2.4,4.6,0.527,2.4,3.3,0.721,1,5.4,6.4,2.2,1.1,0.5,1.4,2.8,15.8,Marquette,USA,2012,2,34
Jahlil Okafor,NOP,23,83,275,C,59,24,935,8.2,13.9,0.586,0,0.2,0.2,8.1,13.7,0.591,2.3,3.4,0.663,3.2,7.5,10.7,1.5,0.6,1.5,2,3.7,18.6,Duke,USA,2015,1,3
JaKarr Sampson,CHI,26,81,215,SF,4,0,127,8.2,15.3,0.537,1.4,4,0.357,6.8,11.3,0.6,4.8,6,0.81,1.4,7.7,9.1,1.1,1.1,0.9,1.1,2.3,22.7,St. John's (NY),USA,Undrafted,Undrafted,Undrafted
Jake Layman,POR,25,81,215,SF,71,33,1327,5.9,11.5,0.509,1.6,4.9,0.326,4.3,6.6,0.646,1.4,1.9,0.704,1.5,4.4,5.9,1.4,0.8,0.8,1.2,3.1,14.7,Maryland,USA,2016,2,47
Jakob Poeltl,SAS,23,84,230,C,77,24,1273,5.3,8.2,0.645,0,0,NA,5.3,8.2,0.645,1.4,2.6,0.533,5,6.6,11.6,2.6,0.8,1.9,1.4,3.5,12,Utah,Austria,2016,1,9
Jalen Brunson,DAL,22,75,190,PG,73,38,1591,6,12.8,0.467,1.4,4.1,0.348,4.5,8.7,0.523,2,2.7,0.725,0.6,3.3,3.8,5.2,0.8,0.1,2,2.9,15.3,Villanova,USA,2018,2,33
Jalen Jones,CLE,26,79,220,SF,16,0,214,4.4,10.4,0.419,1.7,4.7,0.357,2.7,5.7,0.471,3.2,4.5,0.704,1.9,3.9,5.7,1.2,1.5,0.3,1.3,4.5,13.6,Texas A&M,USA,Undrafted,Undrafted,Undrafted
Jamal Crawford,PHX,39,77,185,SG,64,0,1211,5.2,13,0.397,2,6,0.332,3.2,7,0.453,2.8,3.3,0.845,0.2,2.3,2.5,6.8,1,0.4,2.9,2.2,15.1,Michigan,USA,2000,1,8
Jamal Murray,DEN,22,76,207,PG,75,74,2447,7.5,17.3,0.437,2.2,6.1,0.367,5.3,11.2,0.476,2.8,3.3,0.848,1,3.7,4.7,5.3,1,0.4,2.3,2.3,20.1,Kentucky,Canada,2016,1,7
James Harden,HOU,29,77,220,PG,78,78,2867,10.6,24,0.442,4.7,12.9,0.368,5.8,11.1,0.528,9.5,10.8,0.879,0.8,5.7,6.5,7.4,2,0.7,4.9,3.1,35.4,Arizona State,USA,2009,1,3
James Johnson,MIA,32,80,240,PF,55,33,1164,5.1,11.7,0.433,1.5,4.6,0.336,3.5,7.1,0.496,1.5,2.2,0.714,0.7,4.8,5.4,4.2,1.1,0.8,2.3,3.5,13.2,Wake Forest,USA,2009,1,16
James Nunnally,HOU,28,79,208,SF,13,0,64,5.1,11.8,0.429,2.8,7.3,0.385,2.3,4.5,0.5,2.3,2.3,1,0,2.3,2.3,2.8,0.6,0,0.6,2.3,15.2,California-Santa Barbara,USA,Undrafted,Undrafted,Undrafted
JaMychal Green,LAC,28,81,227,PF,41,4,900,6,12.5,0.484,1.5,3.8,0.396,4.5,8.6,0.523,2.5,3.2,0.788,2.9,7.2,10.1,1.4,1.3,1,2.6,4.9,16.1,Alabama,USA,Undrafted,Undrafted,Undrafted
Jared Dudley,BKN,33,79,237,PF,59,25,1220,3,7.1,0.423,1.6,4.5,0.351,1.4,2.6,0.545,0.9,1.4,0.696,1,3.6,4.6,2.4,1.1,0.5,1.3,3.9,8.5,Boston College,USA,2007,1,22
Jared Terrell,MIN,24,75,227,SG,14,0,111,3.9,12.6,0.308,1.3,5.5,0.235,2.6,7.1,0.364,1,1.9,0.5,0.3,1.6,1.9,3.9,1,0.6,3.2,5.2,10.1,Rhode Island,USA,Undrafted,Undrafted,Undrafted
Jarell Martin,ORL,25,82,239,PF,42,1,328,4.7,11.4,0.413,2.2,6.3,0.351,2.5,5.2,0.489,1,1.2,0.818,1.2,6.8,8,2,0.3,0.9,1.2,5.6,12.6,Louisiana State,USA,2015,1,25
Jaron Blossomgame,CLE,25,80,220,SF,27,4,439,3.9,8.7,0.443,0.8,3.2,0.256,3,5.5,0.552,0.8,1.1,0.769,2.1,5.9,8,1.1,0.6,0.7,0.9,1.6,9.3,Clemson,USA,2017,2,59
Jarred Vanderbilt,DEN,20,81,214,PF,17,0,69,4.7,9.9,0.474,0,0.5,0,4.7,9.4,0.5,3.1,5.2,0.6,3.7,8.3,12,1.6,3.1,0.5,4.2,4.2,12.5,Kentucky,USA,2018,2,41
Jarrett Allen,BKN,21,83,237,C,80,80,2096,5.8,9.8,0.59,0.1,0.8,0.133,5.7,9,0.629,3.4,4.8,0.709,3.3,8.3,11.5,1.9,0.7,2.1,1.8,3.2,15,Texas,USA,2017,1,22
Jason Smith,NOP,33,84,240,C,12,1,130,4.2,10.2,0.405,1.1,2.8,0.4,3,7.5,0.407,2.8,3.3,0.833,3,7.2,10.2,3.3,0.3,1.4,1.9,5.8,12.2,Colorado State,USA,2007,1,20
JaVale McGee,LAL,31,84,270,C,75,62,1671,8.6,13.8,0.624,0,0.3,0.083,8.6,13.6,0.634,2.1,3.3,0.632,4.2,8,12.2,1.1,1,3.2,2.3,4.5,19.3,Nevada-Reno,USA,2008,1,18
Jawun Evans,OKC,22,72,190,PG,7,0,64,1.7,7.3,0.231,0,1.1,0,1.7,6.2,0.273,0,0,NA,0.6,6.2,6.8,5.6,1.7,0,3.4,4.5,3.4,Oklahoma State,USA,2017,2,39
Jaylen Adams,ATL,23,74,190,PG,34,1,428,3.2,9.3,0.345,2.1,6.2,0.338,1.1,3,0.361,0.6,0.8,0.778,0.9,4.1,5,5.5,1.2,0.4,2.4,3.8,9.1,St. Bonaventure,USA,Undrafted,Undrafted,Undrafted
Jaylen Brown,BOS,22,79,220,SG,74,25,1913,6.9,14.9,0.465,1.8,5.2,0.344,5.1,9.7,0.529,2.5,3.8,0.658,1.2,4.7,5.9,1.9,1.3,0.6,1.9,3.5,18.1,California,USA,2016,1,3
Jaylen Morris,MIL,23,77,185,SG,4,0,29,5,12.4,0.4,1.2,3.7,0.333,3.7,8.7,0.429,1.2,2.5,0.5,0,6.2,6.2,5,2.5,0,1.2,1.2,12.4,Molloy,USA,Undrafted,Undrafted,Undrafted
Jayson Tatum,BOS,21,80,208,SF,79,79,2455,6.8,15.2,0.45,1.7,4.6,0.373,5.1,10.6,0.483,2.9,3.3,0.855,1,6,7,2.5,1.2,0.8,1.8,2.5,18.2,Duke,USA,2017,1,3
Jeff Green,WAS,32,81,235,PF,77,44,2097,5.6,11.8,0.475,1.9,5.5,0.347,3.7,6.3,0.586,3.1,3.5,0.888,1,4.3,5.3,2.4,0.7,0.7,1.7,2.7,16.2,Georgetown,USA,2007,1,5
Jeff Teague,MIN,31,74,195,PG,42,41,1264,5,11.8,0.423,1,3,0.333,4,8.9,0.453,3.5,4.4,0.804,0.5,2.6,3,9.8,1.2,0.5,2.8,2.6,14.5,Wake Forest,USA,2009,1,19
Jemerrio Jones,LAL,24,77,174,SF,6,2,143,3,8.3,0.364,0.5,2.5,0.2,2.5,5.8,0.435,0.3,0.5,0.5,4,8.3,12.3,3.3,1.8,1.3,1.3,2.5,6.8,None,USA,Undrafted,Undrafted,Undrafted
Jerami Grant,OKC,25,81,220,PF,80,77,2612,5.6,11.3,0.497,1.6,4,0.392,4.1,7.3,0.555,2.2,3,0.71,1.3,4.4,5.7,1.1,0.8,1.4,0.9,2.9,15,Syracuse,USA,2014,2,39
Jeremy Lamb,CHA,27,77,185,SG,79,55,2250,6.9,15.7,0.44,1.8,5.3,0.348,5.1,10.4,0.487,3.7,4.2,0.888,1,5.9,6.9,2.8,1.4,0.5,1.3,2.2,19.3,Connecticut,USA,2012,1,12
Jeremy Lin,TOR,30,75,200,PG,51,1,1003,6.5,13.9,0.466,1.6,4.7,0.333,4.9,9.1,0.535,5.1,6,0.845,0.6,3.7,4.3,6.5,1.4,0.3,3.5,3.4,19.6,Harvard,USA,Undrafted,Undrafted,Undrafted
Jerian Grant,ORL,26,76,205,PG,60,1,939,3.5,8.4,0.418,1.5,4.2,0.364,2,4.2,0.473,1,1.5,0.65,0.7,3,3.8,6,1.7,0.2,2,3,9.6,Notre Dame,USA,2015,1,19
Jerome Robinson,LAC,22,77,190,SG,33,0,320,5,12.4,0.4,2,6.4,0.316,2.9,6,0.491,0.7,1,0.667,0.3,4.3,4.6,2.1,1.2,0.3,1.5,5.2,12.6,Boston College,USA,2018,1,13
Jerryd Bayless,MIN,30,75,200,PG,34,6,657,4.5,12.6,0.357,1.6,5.4,0.296,2.9,7.2,0.402,0.9,1.5,0.571,0.6,2.8,3.4,6.5,1,0.1,1.8,3.1,11.5,Arizona,USA,2008,1,11
Jevon Carter,MEM,23,74,196,PG,39,3,577,3.5,11.5,0.303,2.1,6.4,0.333,1.4,5.2,0.265,1.6,2,0.813,0.9,3.2,4.1,4.3,1.6,0.7,2.1,3.4,10.7,West Virginia,USA,2018,2,32
Jimmer Fredette,PHX,30,74,195,SG,6,0,65,4.4,16.1,0.276,0,7.2,0,4.4,8.9,0.5,3.3,3.3,1,0.6,3.3,3.9,4.4,1.7,0,2.8,2.8,12.2,Brigham Young,USA,2011,1,10
Jimmy Butler,PHI,29,80,232,SF,55,55,1824,6.8,14.7,0.461,1,2.9,0.338,5.8,11.8,0.491,5.2,6,0.868,2.1,3.7,5.7,4.3,2,0.6,1.6,1.8,19.8,Marquette,USA,2011,1,30
Joakim Noah,MEM,34,83,230,C,42,1,693,5.7,11.1,0.516,0,0.1,0,5.7,11,0.519,4.1,5.7,0.716,3,9.4,12.4,4.6,1,1.6,2.6,5,15.5,Florida,USA,2007,1,9
Jodie Meeks,TOR,31,76,210,SG,8,0,104,7.3,13.5,0.538,2.8,6.2,0.444,4.5,7.3,0.619,0.3,0.3,1,0.3,3.8,4.2,2.8,0.3,0.3,0.7,1.7,17.7,Kentucky,USA,2009,2,41
Joe Chealey,CHA,23,75,190,PG,1,0,8,4.5,13.5,0.333,0,0,NA,4.5,13.5,0.333,0,0,NA,0,0,0,4.5,0,0,0,4.5,9,Charleston (SC),USA,Undrafted,Undrafted,Undrafted
Joe Harris,BKN,27,78,218,SG,76,76,2293,5.9,11.7,0.5,2.9,6.1,0.474,3,5.7,0.528,1.7,2.1,0.827,0.8,3.8,4.6,2.8,0.6,0.3,1.9,2.9,16.3,Virginia,USA,2014,2,33
Joe Ingles,UTA,31,80,226,PF,82,82,2568,5,11.2,0.448,2.6,6.8,0.391,2.4,4.5,0.533,1.2,1.7,0.707,0.5,4.1,4.6,6.6,1.4,0.3,2.7,2.5,13.9,None,Australia,Undrafted,Undrafted,Undrafted
Joel Embiid,PHI,25,84,250,C,64,64,2154,9.7,20,0.484,1.3,4.4,0.3,8.4,15.6,0.535,8.7,10.8,0.804,2.7,11.9,14.6,3.9,0.8,2,3.8,3.5,29.4,Kansas,Cameroon,2014,1,3
John Collins,ATL,21,82,235,PF,61,59,1829,9.2,16.4,0.56,1.1,3.1,0.348,8.1,13.2,0.609,4,5.2,0.763,4.3,7.4,11.7,2.4,0.4,0.8,2.4,3.9,23.4,Wake Forest,USA,2017,1,19
John Henson,CLE,28,83,219,C,14,0,188,5.9,12.8,0.463,2.1,5.9,0.355,3.8,6.9,0.556,1.1,1.9,0.6,3.1,10.5,13.6,2.7,1.3,2.1,2.3,3.1,15.1,North Carolina,USA,2012,1,14
John Holland,CLE,30,77,205,SF,1,0,1,0,0,NA,0,0,NA,0,0,NA,0,0,NA,0,0,0,0,0,0,0,0,0,Boston U.,USA,Undrafted,Undrafted,Undrafted
John Jenkins,NYK,28,76,215,SG,22,0,319,4.5,11.6,0.388,2.3,6.3,0.357,2.3,5.3,0.426,1.7,2,0.833,0.7,3.4,4.1,2.4,0,0.2,1,1.1,13,Vanderbilt,USA,2012,1,23
John Wall,WAS,28,76,210,PG,32,32,1104,8,18,0.444,1.7,5.5,0.302,6.3,12.5,0.507,4,5.7,0.697,0.5,3.3,3.8,9.1,1.6,0.9,3.9,2.3,21.6,Kentucky,USA,2010,1,1
Johnathan Motley,LAC,24,82,230,PF,22,0,156,9,16.8,0.534,0,0.7,0,9,16.2,0.557,5.5,9.2,0.6,4.2,7.6,11.8,2.5,1.2,0.7,3.7,6.2,23.5,Baylor,USA,Undrafted,Undrafted,Undrafted
Johnathan Williams,LAL,24,81,228,C,24,0,372,6.3,10.6,0.591,0,0.2,0,6.3,10.5,0.602,2.6,4.6,0.563,4.6,4.9,9.6,1.3,0.8,0.7,1.5,6,15.2,Gonzaga,USA,Undrafted,Undrafted,Undrafted
Jon Leuer,DET,30,82,228,PF,41,1,402,5.9,10.1,0.584,0.1,1,0.091,5.8,9.1,0.637,2.1,2.8,0.742,2.4,6.3,8.7,1.3,1.1,0.4,2.1,5.4,14,Wisconsin,USA,2011,2,40
Jonah Bolden,PHI,23,82,220,PF,44,10,639,4.5,9.1,0.494,1.9,5.4,0.354,2.6,3.7,0.697,0.7,1.5,0.481,2.6,6.6,9.3,2.3,1,2.2,2,5.6,11.7,None,Australia,2017,2,36
Jonas Jerebko,GSW,32,82,231,PF,73,6,1218,4.8,10.5,0.459,2,5.6,0.367,2.8,4.9,0.563,1.9,2.4,0.8,2.1,6.4,8.5,2.8,0.8,0.5,1.3,4,13.6,None,Sweden,2009,2,39
Jonas Valanciunas,MEM,27,84,265,C,30,10,564,9.5,16.5,0.575,0.6,1.9,0.3,8.9,14.6,0.611,4.9,6,0.819,3.4,10.3,13.8,1.9,0.8,1.5,2.5,5.2,24.5,None,Lithuania,2011,1,5
Jonathan Isaac,ORL,21,82,210,PF,75,64,1996,4.7,11,0.429,1.6,4.8,0.323,3.2,6.2,0.51,2,2.4,0.815,1.8,5.6,7.4,1.4,1.1,1.8,1.4,2.6,13,Florida State,USA,2017,1,6
Jonathon Simmons,PHI,29,78,195,SG,41,9,845,4.4,12.2,0.364,0.8,3.5,0.229,3.6,8.6,0.419,2.4,3.1,0.778,1,3.3,4.3,4,0.8,0.6,2.4,2.9,12.1,Houston,USA,Undrafted,Undrafted,Undrafted
Jordan Bell,GSW,24,81,224,C,68,3,788,4.5,8.8,0.516,0,0.1,0,4.5,8.7,0.521,1.1,1.9,0.61,2.5,5.9,8.4,3.5,0.9,2.3,1.9,3.7,10.2,Oregon,USA,2017,2,38
Jordan Clarkson,CLE,27,77,194,SG,81,0,2214,8.6,19.2,0.448,2.3,7.2,0.324,6.3,12,0.524,2.6,3.1,0.844,1.3,3.1,4.4,3.2,0.9,0.2,2.2,1.8,22.2,Missouri,USA,2014,2,46
Jordan Loyd,TOR,25,76,210,PG,12,0,55,5.2,11.8,0.444,2.6,5.2,0.5,2.6,6.5,0.4,5.9,7.2,0.818,0.7,5.2,5.9,3.9,0,0,1.3,3.3,19,None,USA,Undrafted,Undrafted,Undrafted
Jordan McRae,WAS,28,77,179,SG,27,0,333,6.6,14.1,0.469,1.1,3.8,0.286,5.5,10.3,0.537,3,3.8,0.8,0.6,3.7,4.3,3.2,1.4,0.8,1.6,2.8,17.3,Tennessee,USA,2014,2,58
Jordan Sibert,ATL,26,76,187,SG,1,0,4,9,9,1,9,9,1,0,0,NA,0,0,NA,0,0,0,0,0,0,0,0,27,Dayton,USA,Undrafted,Undrafted,Undrafted
Jose Calderon,DET,37,75,200,PG,49,0,632,2.6,6.8,0.375,0.8,3.2,0.246,1.8,3.6,0.492,0.5,0.6,0.818,0.6,2.8,3.4,6.6,0.9,0.2,2,3.6,6.4,None,Spain,Undrafted,Undrafted,Undrafted
Josh Hart,LAL,24,77,215,SG,67,22,1715,4,9.7,0.407,1.9,5.8,0.336,2,4,0.511,1.2,1.7,0.688,0.7,4.5,5.2,2,1.3,0.8,1.2,3.1,11,Villanova,USA,2017,1,30
Josh Jackson,PHX,22,80,200,SG,79,29,1988,6.3,15.2,0.413,1.3,4.1,0.324,5,11.2,0.445,2.6,3.9,0.671,1.2,5.1,6.3,3.3,1.3,1,3.1,3.8,16.5,Kansas,USA,2017,1,4
Josh Okogie,MIN,20,76,212,SG,74,52,1757,4,10.4,0.386,1.2,4.4,0.279,2.8,6,0.464,2.4,3.3,0.728,0.8,3.6,4.5,1.9,1.8,0.7,1.3,3.4,11.7,Georgia Tech,Nigeria,2018,1,20
Josh Richardson,MIA,25,78,200,SG,73,73,2539,6,14.5,0.412,2.3,6.5,0.357,3.7,8,0.458,2.8,3.3,0.861,0.8,3,3.7,4.2,1.1,0.5,1.6,2.8,17.1,Tennessee,USA,2015,2,40
Jrue Holiday,NOP,29,76,205,SG,67,67,2402,8.2,17.4,0.472,1.8,5.4,0.325,6.4,11.9,0.539,3.1,4.1,0.768,1.1,3.9,5,7.8,1.6,0.8,3.1,2.2,21.3,UCLA,USA,2009,1,17
Julian Washburn,MEM,27,80,209,SF,18,3,254,2.3,6.8,0.333,0.7,3.4,0.208,1.6,3.4,0.458,0.4,0.6,0.75,1.1,4.7,5.8,2,1.8,0.3,1,2.3,5.7,Texas-El Paso,USA,Undrafted,Undrafted,Undrafted
Julius Randle,NOP,24,81,250,PF,73,49,2232,9.2,17.6,0.524,1.1,3.1,0.344,8.1,14.4,0.564,5.7,7.9,0.731,2.6,7.6,10.2,3.7,0.8,0.7,3.4,4,25.2,Kentucky,USA,2014,1,7
Justin Anderson,ATL,25,78,230,SF,48,4,463,5,12.2,0.408,1.9,6,0.312,3.1,6.2,0.5,2,2.7,0.743,1.9,4.7,6.5,1.8,1.7,1,1.8,3.7,13.8,Virginia,USA,2015,1,21
Justin Holiday,MEM,30,78,181,SG,44,39,1282,4.2,10.8,0.389,1.8,5.5,0.333,2.4,5.3,0.447,1.5,1.7,0.9,0.8,3.6,4.3,1.7,1.5,0.4,1.6,2.4,11.7,Washington,USA,Undrafted,Undrafted,Undrafted
Justin Jackson,DAL,24,80,210,SF,52,3,1083,4.2,9.8,0.424,1.8,5.3,0.346,2.3,4.5,0.515,1.4,1.7,0.82,0.8,4,4.9,2.3,0.8,0.4,0.7,2.2,11.5,North Carolina,USA,2017,1,15
Justin Patton,PHI,22,84,241,C,3,0,21,3.4,12,0.286,0,3.4,0,3.4,8.6,0.4,1.7,3.4,0.5,3.4,6.9,10.3,5.1,3.4,0,0,8.6,8.6,Creighton,USA,2017,1,16
Justise Winslow,MIA,23,79,225,SF,66,52,1959,6,13.8,0.433,1.8,4.7,0.375,4.2,9.1,0.462,1.6,2.5,0.628,1.2,5.4,6.5,5.2,1.3,0.3,2.6,3.3,15.3,Duke,USA,2015,1,10
Jusuf Nurkic,POR,24,84,275,C,72,72,1974,7.7,15.1,0.508,0.1,0.5,0.103,7.6,14.5,0.523,5.1,6.7,0.773,4.4,9.2,13.6,4.2,1.3,1.9,3.1,4.6,20.5,None,Bosnia and He...,2014,1,16
Kadeem Allen,NYK,26,75,200,SG,19,1,416,5.6,12.2,0.461,1.5,3.1,0.472,4.2,9.1,0.457,3.6,4.7,0.778,0.7,3.7,4.4,6.6,1.4,0.3,2.3,4,16.4,Arizona,USA,2017,2,53
Kalin Lucas,DET,30,73,195,PG,1,0,6,0,6,0,0,6,0,0,0,NA,12,12,1,0,18,18,6,0,0,0,6,12,Michigan State,USA,Undrafted,Undrafted,Undrafted
Karl-Anthony Towns,MIN,23,84,248,C,77,77,2545,9.6,18.6,0.518,2,5,0.4,7.6,13.6,0.562,5.3,6.4,0.836,3.7,9.8,13.5,3.7,0.9,1.8,3.4,4.1,26.6,Kentucky,USA,2015,1,1
Kawhi Leonard,TOR,27,79,230,SF,60,60,2040,9.9,19.9,0.496,2,5.3,0.371,7.9,14.6,0.542,6.4,7.5,0.854,1.4,6.4,7.7,3.5,1.9,0.4,2.1,1.5,28.2,San Diego State,USA,2011,1,15
Keita Bates-Diop,MIN,23,81,229,SF,30,3,503,4.3,10.2,0.423,0.9,3.7,0.25,3.4,6.4,0.522,1.3,2,0.643,1.1,4.8,5.9,1.2,1.3,1,1,2.1,10.8,Ohio State,USA,2018,2,48
Kelly Olynyk,MIA,28,84,240,PF,79,36,1812,5.2,11.2,0.463,2.2,6.3,0.354,2.9,4.9,0.604,3,3.7,0.822,1.4,6,7.5,2.8,1.1,0.7,2.3,3.6,15.6,Gonzaga,Canada,2013,1,13
Kemba Walker,CHA,29,73,184,PG,82,82,2863,9.2,21.2,0.434,3.3,9.2,0.356,5.9,12,0.494,4.8,5.7,0.844,0.7,3.9,4.5,6.1,1.3,0.4,2.7,1.6,26.4,Connecticut,USA,2011,1,9
Kenneth Faried,HOU,29,80,220,C,25,13,610,7.7,13.2,0.587,0.4,1.2,0.35,7.3,12,0.611,3.2,4.9,0.651,4.8,7.3,12.2,1.1,0.9,1.1,1.6,4.4,19.1,Morehead State,USA,2011,1,22
Kenrich Williams,NOP,24,79,210,SF,46,29,1079,3.6,9.3,0.384,1.7,5.2,0.333,1.8,4.1,0.447,0.4,0.6,0.684,1.8,5.5,7.3,2.8,1.5,0.6,1.2,3.2,9.3,None,USA,Undrafted,Undrafted,Undrafted
Kent Bazemore,ATL,29,77,201,SG,67,35,1643,6.1,15.1,0.402,2.1,6.6,0.32,4,8.6,0.465,2.8,3.8,0.726,0.8,4.9,5.7,3.3,2,0.9,2.7,3.7,17.1,Old Dominion,USA,Undrafted,Undrafted,Undrafted
Kentavious Caldwell-Pope,LAL,26,77,205,SG,82,23,2035,5.7,13.4,0.43,2.7,7.7,0.347,3.1,5.7,0.542,2.4,2.8,0.867,0.8,3.4,4.2,1.9,1.3,0.2,1.1,2.4,16.6,Georgia,USA,2013,1,8
Kevin Durant,GSW,30,81,240,SF,78,78,2702,9.6,18.4,0.521,1.8,5.2,0.353,7.8,13.3,0.587,6,6.7,0.885,0.4,6.2,6.6,6.1,0.8,1.1,3,2.1,27,Texas,USA,2007,1,2
Kevin Huerter,ATL,20,79,190,SG,75,59,2048,4.8,11.5,0.419,2.4,6.2,0.385,2.4,5.3,0.457,0.7,1,0.732,1.1,3.3,4.3,3.8,1.1,0.4,1.9,2.7,12.8,Maryland,USA,2018,1,19
Kevin Knox,NYK,19,81,215,PF,75,57,2158,5.6,15.2,0.37,2.1,6.1,0.343,3.6,9.2,0.387,2.7,3.8,0.717,1,4.6,5.6,1.4,0.7,0.4,1.9,2.9,16.1,Kentucky,USA,2018,1,9
Kevin Love,CLE,30,82,251,PF,22,21,598,6.6,17,0.385,3.2,8.8,0.361,3.4,8.2,0.412,6.2,6.9,0.904,2,12.4,14.4,2.9,0.4,0.3,2.5,3.3,22.5,California-Los Angeles,USA,2008,1,5
Kevon Looney,GSW,23,81,220,C,80,24,1481,5.3,8.4,0.625,0,0.2,0.1,5.3,8.2,0.641,1.6,2.6,0.619,4.7,5.4,10.1,3,1.1,1.3,1.2,5.1,12.2,California-Los Angeles,USA,2015,1,30
Khem Birch,ORL,26,81,233,C,50,1,643,5.1,8.5,0.603,0,0.1,0,5.1,8.4,0.607,3.2,4.6,0.699,4.4,6.2,10.6,2.1,1,1.6,1.1,4,13.4,Nevada-Las Vegas,Canada,Undrafted,Undrafted,Undrafted
Khris Middleton,MIL,27,80,222,SF,77,77,2393,7.6,17.3,0.441,2.7,7.1,0.378,4.9,10.1,0.485,3.2,3.9,0.837,0.8,6.2,6.9,5,1.2,0.1,2.6,2.6,21.2,Texas A&M,USA,2012,2,39
Khyri Thomas,DET,23,75,210,SG,26,0,195,4.1,12.7,0.319,1.8,6.5,0.286,2.2,6.3,0.353,1.3,2,0.636,0.7,3,3.7,1.5,1.3,0.9,0.7,4.1,11.3,Creighton,USA,2018,2,38
Klay Thompson,GSW,29,79,215,SG,78,78,2652,8.9,19,0.467,3.3,8.1,0.402,5.6,10.9,0.516,1.8,2.1,0.816,0.5,3.6,4.1,2.5,1.1,0.6,1.6,2.1,22.8,Washington State,USA,2011,1,11
Kobi Simmons,CLE,21,76,170,PG,1,0,2,0,0,NA,0,0,NA,0,0,NA,0,0,NA,0,0,0,0,0,0,0,0,0,Arizona,USA,Undrafted,Undrafted,Undrafted
Kosta Koufos,SAC,30,84,245,C,42,1,502,5.2,11,0.477,0,0,NA,5.2,11,0.477,0.7,1.7,0.417,3.7,9,12.7,2.6,1.1,1.3,1.9,4.9,11.2,Ohio State,USA,2008,1,23
Kostas Antetokounmpo,DAL,21,82,200,PF,2,0,11,0,9.8,0,0,0,NA,0,9.8,0,6.5,13.1,0.5,0,3.3,3.3,0,6.5,0,3.3,0,6.5,Dayton,Greece,2018,2,60
Kris Dunn,CHI,25,76,205,PG,46,44,1389,5.6,13.1,0.425,0.9,2.5,0.354,4.7,10.6,0.441,1.4,1.8,0.797,0.5,4.4,4.8,7.2,1.8,0.5,2.7,4.3,13.5,Providence,USA,2016,1,5
Kyle Anderson,MEM,25,81,230,SF,43,40,1281,4.2,7.8,0.543,0.3,1,0.265,4,6.8,0.583,1,1.8,0.578,1.3,5.7,7.1,3.6,1.5,1,1.6,3.1,9.7,California-Los Angeles,USA,2014,1,30
Kyle Korver,UTA,38,79,212,SG,54,0,1083,5.5,13.5,0.408,3.8,9.8,0.384,1.8,3.8,0.469,1.6,1.9,0.825,0.3,4.1,4.4,2.1,0.7,0.3,1.4,2.8,16.4,Creighton,USA,2003,2,51
Kyle Kuzma,LAL,23,81,220,PF,70,68,2314,7.7,16.9,0.456,2,6.6,0.303,5.7,10.3,0.553,2.9,3.9,0.752,0.9,5,5.9,2.8,0.6,0.4,2.1,2.6,20.3,Utah,USA,2017,1,27
Kyle Lowry,TOR,33,73,196,PG,65,65,2213,4.9,12,0.411,2.6,7.4,0.347,2.4,4.7,0.514,2.6,3.2,0.83,0.7,4.4,5.1,9.2,1.5,0.5,3,2.7,15.1,Villanova,USA,2006,1,24
Kyle O'Quinn,IND,29,82,250,C,45,3,371,6.7,13.2,0.507,0.1,1.2,0.083,6.6,12,0.548,1.6,2,0.81,2.8,8.7,11.5,5.4,0.9,2.4,3,6.6,15.1,Norfolk State,USA,2012,2,49
Kyrie Irving,BOS,27,75,193,PG,67,67,2214,9.8,20.2,0.487,2.8,7.1,0.401,7,13.1,0.533,3.5,4,0.873,1.2,4.3,5.4,7.5,1.7,0.6,2.8,2.7,26,Duke,Australia,2011,1,1
LaMarcus Aldridge,SAS,33,83,260,C,81,81,2687,9.2,17.7,0.519,0.1,0.6,0.238,9,17.1,0.528,4.7,5.5,0.847,3.4,6.6,10,2.6,0.6,1.4,1.9,2.4,23.1,Texas,USA,2006,1,2
Lance Stephenson,LAL,28,78,230,SG,68,3,1123,5.9,13.8,0.426,2.3,6.3,0.371,3.6,7.5,0.472,1.6,2.3,0.685,1,5.9,6.9,4.5,1.3,0.2,2.8,3.6,15.7,Cincinnati,USA,2010,2,40
Lance Thomas,NYK,31,80,240,PF,46,17,783,3.6,9.1,0.396,1,3.6,0.278,2.6,5.4,0.475,1.2,1.7,0.75,1,4.4,5.4,1.2,0.8,0.3,1.1,3.8,9.4,Duke,USA,Undrafted,Undrafted,Undrafted
Landry Shamet,LAC,22,77,188,SG,54,4,1108,5,11.3,0.441,3.2,8,0.404,1.8,3.3,0.529,1.4,1.8,0.815,0.5,2.1,2.5,1.9,0.8,0.3,0.8,3.4,14.6,Wichita State,USA,2018,1,26
Langston Galloway,DET,27,74,200,SG,80,4,1745,4.7,12.1,0.388,2.8,7.8,0.355,1.9,4.3,0.449,1.7,2,0.844,1,2.5,3.5,1.8,0.8,0.2,0.5,2.8,13.9,Saint Joseph's,USA,Undrafted,Undrafted,Undrafted
Lauri Markkanen,CHI,22,84,240,PF,52,51,1682,7.3,17,0.43,2.6,7.1,0.361,4.8,9.9,0.479,3.6,4.2,0.872,1.6,8.5,10.1,1.6,0.8,0.7,1.8,2.6,20.8,Arizona,Finland,2017,1,7
LeBron James,LAL,34,80,250,SF,55,55,1937,10.4,20.4,0.51,2.1,6.1,0.339,8.3,14.3,0.582,5.2,7.8,0.665,1.1,7.6,8.6,8.4,1.3,0.6,3.7,1.7,28,None,USA,2003,1,1
Lonzo Ball,LAL,21,78,190,PG,47,45,1423,4.7,11.5,0.406,1.9,5.8,0.329,2.8,5.8,0.482,0.5,1.2,0.417,1.4,5,6.3,6.5,1.7,0.5,2.6,2.9,11.8,California-Los Angeles,USA,2017,1,2
Lorenzo Brown,TOR,28,77,189,PG,26,0,212,3.9,12.1,0.324,1,4.8,0.214,2.9,7.3,0.395,0.5,0.5,1,0.8,4.4,5.3,4.8,2,0.8,2.7,3.7,9.3,North Carolina State,USA,2013,2,52
Lou Williams,LAC,32,73,175,SG,75,1,1993,8.7,20.6,0.425,1.9,5.3,0.361,6.8,15.3,0.447,7.7,8.8,0.876,0.7,3.3,4,7.3,1,0.2,3.3,1.4,27.1,None,USA,2005,2,45
Luc Mbah a Moute,LAC,32,80,230,PF,4,0,61,4.7,10.6,0.444,1.2,3.5,0.333,3.5,7.1,0.5,1.2,3,0.4,1.2,3,4.1,1.2,0.6,0.6,1.2,4.7,11.8,California-Los Angeles,Cameroon,2008,2,37
Luka Doncic,DAL,20,79,218,SG,72,72,2318,7.9,18.4,0.427,2.6,8,0.327,5.2,10.4,0.503,5.4,7.5,0.713,1.3,7.4,8.7,6.7,1.2,0.4,3.8,2.1,23.7,None,Slovenia,2018,1,3
Luke Kennard,DET,22,77,206,SG,63,10,1437,5.7,13,0.438,2.7,6.7,0.394,3.1,6.3,0.486,1.3,1.5,0.836,0.3,4.3,4.6,2.9,0.7,0.3,1.4,2.3,15.4,Duke,USA,2017,1,12
Luke Kornet,NYK,23,85,250,PF,46,18,784,4.9,13,0.378,3.2,8.9,0.363,1.7,4.1,0.411,1.7,2.1,0.826,1.3,4.9,6.2,2.5,1.2,1.9,1.1,1.9,14.8,Vanderbilt,USA,Undrafted,Undrafted,Undrafted
Luol Deng,MIN,34,81,237,SF,22,2,392,5.4,10.8,0.5,1.3,4,0.318,4.1,6.8,0.608,2.3,3.2,0.714,1.8,4.9,6.7,1.7,1.4,0.7,1.3,2.2,14.4,Duke,United Kingdo...,2004,1,7
Malachi Richardson,TOR,23,78,205,SG,22,0,103,3.1,10.1,0.31,2.8,8.7,0.32,0.3,1.4,0.25,1.4,1.7,0.8,0.7,3.8,4.5,0,0.3,0,2.8,4.5,10.5,Syracuse,USA,2016,1,22
Malcolm Brogdon,MIL,26,77,229,SG,64,64,1832,7.4,14.7,0.505,2,4.8,0.426,5.4,9.9,0.544,2.8,3,0.928,1.3,4.4,5.7,4,0.9,0.3,1.8,2,19.7,Virginia,USA,2016,2,36
Malcolm Miller,TOR,26,79,210,SF,10,0,67,5.9,14,0.423,5.4,11.3,0.476,0.5,2.7,0.2,1.6,2.1,0.75,0.5,2.1,2.7,0.5,0.5,0.5,0.5,2.7,18.8,Holy Cross,USA,Undrafted,Undrafted,Undrafted
Malik Beasley,DEN,22,77,195,SG,81,18,1879,6.7,14.1,0.474,3.1,7.8,0.402,3.6,6.4,0.56,1.1,1.3,0.848,0.7,3.2,3.8,1.9,1.1,0.2,1.1,2.2,17.6,Florida State,USA,2016,1,19
Malik Monk,CHA,21,75,200,SG,73,0,1258,6.5,16.8,0.387,3.1,9.4,0.33,3.4,7.3,0.461,2.6,2.9,0.882,0.5,3.5,3.9,3.3,1.1,0.5,2.5,3,18.7,Kentucky,USA,2017,1,11
Marc Gasol,TOR,34,85,255,C,53,53,1788,6.1,13.8,0.444,1.5,4.4,0.344,4.6,9.3,0.491,3.1,4,0.756,1.1,8,9.2,5,1.2,1.3,2.4,3,16.8,None,Spain,2007,2,48
Marcin Gortat,LAC,35,83,240,C,47,43,751,4.7,8.9,0.532,0,0,NA,4.7,8.9,0.532,1.7,2.3,0.729,3.2,9.3,12.5,3.1,0.3,1.2,2.4,4.4,11.2,None,Poland,2005,2,57
Marco Belinelli,SAS,33,77,210,SG,79,1,1815,5.7,13.7,0.413,2.9,7.8,0.372,2.7,5.9,0.468,2.2,2.5,0.903,0.3,3.6,3.9,2.6,0.7,0.2,1.4,2.4,16.4,None,Italy,2007,1,18
Marcus Derrickson,GSW,23,79,249,PF,11,0,67,8.6,17.7,0.485,5.4,10.7,0.5,3.2,7,0.462,2.1,2.7,0.8,4.3,2.7,7,0.5,0,0.5,1.6,4.8,24.7,None,USA,Undrafted,Undrafted,Undrafted
Marcus Morris,BOS,29,81,235,PF,75,53,2091,6.5,14.5,0.447,2.5,6.7,0.375,4,7.8,0.508,2.5,3,0.844,1.3,6.6,7.9,1.9,0.7,0.4,1.6,3.1,18,Kansas,USA,2011,1,14
Marcus Smart,BOS,25,76,220,SG,80,60,2200,3.9,9.3,0.422,2.1,5.7,0.364,1.8,3.6,0.511,1.7,2.1,0.806,0.9,2.9,3.8,5.3,2.3,0.5,2,3.3,11.6,Oklahoma State,USA,2014,1,6
Mario Hezonja,NYK,24,80,225,SF,58,24,1206,5.7,13.9,0.412,1.3,4.5,0.276,4.4,9.3,0.478,2.6,3.4,0.763,0.8,6.3,7.1,2.6,1.7,0.2,2.6,3.3,15.3,None,Croatia,2015,1,5
Markelle Fultz,ORL,21,76,200,SG,19,15,427,5.5,13.1,0.419,0.3,1.2,0.286,5.1,11.9,0.433,1.8,3.1,0.568,2.2,3.7,5.9,5,1.4,0.4,2.1,4.4,13.1,Washington,USA,2017,1,1
Markieff Morris,OKC,29,82,245,PF,34,15,883,5.8,13.4,0.436,2,5.9,0.333,3.9,7.5,0.516,2.3,3,0.781,1.7,5.4,7.1,2.4,1,0.8,1.9,4.8,15.9,Kansas,USA,2011,1,13
Marquese Chriss,CLE,21,82,240,PF,27,2,395,5.1,13.3,0.384,1.4,5.2,0.263,3.7,8.1,0.461,2.4,3.5,0.684,3,7.4,10.4,1.5,1.4,0.6,2.2,5.8,13.9,Washington,USA,2016,1,8
MarShon Brooks,MEM,30,77,200,SG,29,0,387,7.1,15.7,0.45,1.4,5,0.278,5.7,10.7,0.53,2.1,3.1,0.697,1.1,3.1,4.2,2.3,0.8,0.4,2,3.1,17.7,Providence,USA,2011,1,25
Marvin Williams,CHA,32,81,237,PF,75,75,2133,4.6,11,0.422,2.4,6.4,0.366,2.3,4.6,0.5,1.1,1.5,0.767,1.3,5.6,6.9,1.6,1.2,1,0.8,2.6,12.8,North Carolina,USA,2005,1,2
Mason Plumlee,DEN,29,83,235,C,82,17,1731,5.4,9.2,0.593,0,0.2,0.2,5.4,9,0.602,2.3,4.1,0.561,3.4,7.5,10.9,5.1,1.4,1.6,2.6,5.2,13.2,Duke,USA,2013,1,22
Matthew Dellavedova,CLE,28,76,200,PG,36,0,715,4.6,11.2,0.413,2,6,0.336,2.6,5.2,0.5,1.9,2.4,0.792,0.3,3.1,3.4,7.7,0.6,0.1,2.9,3.3,13.2,Saint Mary's (CA),Australia,Undrafted,Undrafted,Undrafted
Maurice Harkless,POR,26,81,220,SF,60,53,1415,4.8,9.9,0.487,0.8,3.1,0.275,4,6.8,0.582,1.2,1.9,0.671,2,4.9,6.8,1.9,1.7,1.3,1.1,4.1,11.7,"St. John's, N.Y.",USA,2012,1,15
Maxi Kleber,DAL,27,83,240,PF,71,18,1502,4.2,9.3,0.453,1.8,5.2,0.353,2.3,4,0.583,1.4,1.8,0.784,2.2,5.7,7.9,1.7,0.9,1.9,1.3,3.4,11.6,None,Germany,Undrafted,Undrafted,Undrafted
Meyers Leonard,POR,27,85,255,C,61,2,878,5.4,9.9,0.545,2.1,4.6,0.45,3.4,5.4,0.626,1.8,2.1,0.843,2,7.5,9.6,3.1,0.5,0.4,1.8,4.3,14.6,Illinois,USA,2012,1,11
Michael Beasley,LAL,30,81,235,PF,26,2,277,9.7,19.9,0.49,0.4,2.2,0.176,9.4,17.7,0.529,3.6,5.1,0.718,1.7,6.1,7.8,3.2,1.2,1.3,3.5,5.5,23.5,Kansas State,USA,2008,1,2
Michael Carter-Williams,ORL,27,78,190,PG,16,1,145,6.2,15.1,0.41,1.7,4.7,0.368,4.5,10.4,0.429,3,6.5,0.462,0.7,2.5,3.2,5.2,2.2,1.5,2.5,6.7,17.1,Syracuse,USA,2013,1,11
Michael Kidd-Gilchrist,CHA,25,79,232,PF,64,3,1179,4.8,10.1,0.476,0.5,1.4,0.34,4.3,8.7,0.498,2.9,3.8,0.772,2.7,4.8,7.5,1.9,1,1.2,1.3,4.8,13,Kentucky,USA,2012,1,2
Mikal Bridges,PHX,22,79,210,SF,82,56,2417,3.6,8.4,0.43,1.6,4.7,0.335,2,3.7,0.548,1.4,1.8,0.805,0.8,3.1,3.9,2.6,1.9,0.6,1,3,10.2,Villanova,USA,2018,1,10
Mike Conley,MEM,31,73,175,PG,70,70,2342,7.5,17.2,0.438,2.4,6.5,0.364,5.1,10.7,0.483,5.3,6.2,0.845,0.6,3.1,3.7,6.9,1.4,0.3,2,1.9,22.7,Ohio State,USA,2007,1,4
Mike Muscala,LAL,27,83,240,PF,47,6,1041,3.8,9.6,0.392,2.4,6.9,0.342,1.4,2.7,0.519,2.2,2.7,0.818,1.8,5.2,6.9,2.1,0.6,0.9,1.5,3.9,12.1,Bucknell,USA,2013,2,44
Mike Scott,PHI,30,80,237,PF,52,0,748,4.4,11.1,0.4,2.5,6.4,0.391,1.9,4.7,0.412,0.6,0.9,0.667,1.2,7.2,8.4,2.1,0.8,0.4,1.3,4.2,11.9,Virginia,USA,2012,2,43
Miles Bridges,CHA,21,79,225,SF,80,25,1696,5,10.8,0.464,1.4,4.2,0.325,3.7,6.6,0.553,1.2,1.6,0.753,1.4,5.4,6.9,2,1.2,1,1.1,2.4,12.7,Michigan State,USA,2018,1,12
Miles Plumlee,ATL,30,83,249,C,18,0,173,6.7,10,0.667,0,0,NA,6.7,10,0.667,3.3,6.2,0.533,3.3,4.8,8.1,3.5,1.2,0.8,2.1,2.9,16.6,Duke,USA,2012,1,26
Milos Teodosic,LAC,32,77,196,PG,15,0,150,4.1,9.6,0.425,2.4,6.5,0.37,1.7,3.1,0.538,1,1.7,0.571,0.7,3.1,3.8,7.7,0.7,0.2,5,6.5,11.5,None,Serbia,Undrafted,Undrafted,Undrafted
Mitchell Robinson,NYK,21,85,240,C,66,19,1360,5.3,7.7,0.694,0,0,NA,5.3,7.7,0.694,2.1,3.6,0.6,4.7,6.5,11.2,1,1.4,4.3,0.9,5.7,12.8,None,USA,2018,2,36
Monte Morris,DEN,23,75,175,PG,82,6,1970,6.3,12.8,0.493,1.7,4.1,0.414,4.6,8.7,0.531,1.2,1.5,0.802,0.6,2.9,3.5,5.4,1.3,0.1,1,1.9,15.6,Iowa State,USA,2017,2,51
Montrezl Harrell,LAC,25,80,240,C,82,5,2158,9.1,14.8,0.615,0.1,0.3,0.176,9.1,14.5,0.623,4.4,6.9,0.643,3.1,5.9,8.9,2.7,1.2,1.8,2.2,4.3,22.7,Louisville,USA,2015,2,32
Moritz Wagner,LAL,22,83,245,C,43,5,446,5.7,13.8,0.415,1.8,6.2,0.286,4,7.6,0.521,3.5,4.3,0.811,1.4,5.5,6.9,1.9,0.9,1,3.1,4.6,16.7,Michigan,Germany,2018,1,25
Myles Turner,IND,23,83,250,C,74,74,2119,6.5,13.3,0.487,1.3,3.3,0.388,5.2,9.9,0.521,2.5,3.4,0.736,1.7,7.3,9,2,1,3.4,1.7,3.3,16.7,Texas,USA,2015,1,11
Naz Mitrou-Long,UTA,25,76,218,SG,14,0,84,2.6,8.6,0.3,0.9,4.7,0.182,1.7,3.9,0.444,0.9,0.9,1,0.4,2.1,2.6,6.4,0.4,0.4,3.4,4.3,6.9,Iowa State,Canada,Undrafted,Undrafted,Undrafted
Nemanja Bjelica,SAC,31,82,234,PF,77,70,1788,5.7,11.9,0.479,2.1,5.2,0.401,3.6,6.8,0.539,1.4,1.9,0.761,2.5,6.4,8.9,3,1.1,1.1,1.7,4,14.9,None,Serbia,2010,2,35
Nerlens Noel,OKC,25,83,220,C,77,2,1055,5.5,9.4,0.587,0,0,NA,5.5,9.4,0.587,1.8,2.7,0.684,4.3,6.8,11.1,1.5,2.3,3.3,1.6,5.7,12.9,Kentucky,USA,2013,1,6
Nick Young,DEN,34,79,210,SG,4,0,37,2.9,8.8,0.333,2.9,7.8,0.375,0,1,0,0,0,NA,0,1,1,1.9,0,1,1.9,3.9,8.8,Southern California,USA,2007,1,16
Nicolas Batum,CHA,30,80,200,SF,75,72,2354,3.9,8.6,0.45,1.8,4.6,0.389,2.1,4,0.519,1.2,1.4,0.865,1.1,4.9,6,3.8,1.1,0.7,1.8,2.1,10.7,None,France,2008,1,25
Nik Stauskas,CLE,25,78,205,SG,44,0,673,5.1,12.2,0.419,2.3,6.7,0.344,2.8,5.6,0.51,1.7,1.9,0.889,0.5,3.7,4.3,3.3,0.7,0.2,2.1,1.7,14.3,Michigan,Canada,2014,1,8
Nikola Jokic,DEN,24,84,250,C,80,80,2504,8.9,17.3,0.511,1.2,3.9,0.307,7.7,13.5,0.569,4.2,5.1,0.821,3.3,9.2,12.4,8.3,1.6,0.8,3.6,3.3,23.1,None,Serbia,2014,2,41
Nikola Mirotic,MIL,28,82,250,PF,32,22,925,7.1,15.8,0.447,3.3,9,0.368,3.8,6.8,0.551,3.3,3.9,0.842,1.8,8.5,10.3,1.4,0.8,1,1.4,3.3,20.8,None,Montenegro,2011,1,23
Nikola Vucevic,ORL,28,84,260,C,80,80,2510,10.1,19.4,0.518,1.2,3.3,0.364,8.8,16.1,0.549,2.6,3.3,0.789,3.2,10.6,13.8,4.4,1.2,1.3,2.3,2.3,23.9,Southern California,Montenegro,2011,1,16
Noah Vonleh,NYK,23,81,250,PF,68,57,1722,4.3,9.2,0.47,1,2.9,0.336,3.4,6.3,0.531,2.3,3.3,0.712,2.4,8.7,11,2.7,1,1.1,1.8,3.6,11.9,Indiana,USA,2014,1,9
Norman Powell,TOR,26,76,215,SG,60,3,1126,6.2,12.8,0.483,2.2,5.4,0.4,4,7.4,0.543,2,2.4,0.827,0.5,3.9,4.4,2.9,1.2,0.4,2.1,3.1,16.5,California-Los Angeles,USA,2015,2,46
OG Anunoby,TOR,21,80,232,SF,67,6,1352,4.9,10.8,0.453,1.8,5.4,0.332,3.1,5.4,0.574,1,1.7,0.581,1.5,3.7,5.2,1.3,1.2,0.6,1.5,3.7,12.5,Indiana,United Kingdo...,2017,1,23
Okaro White,WAS,26,80,205,PF,3,0,6,0,12,0,0,12,0,0,0,NA,0,0,NA,6,6,12,0,0,0,0,0,0,Florida State,USA,Undrafted,Undrafted,Undrafted
Omari Spellman,ATL,21,81,245,PF,46,11,805,4.4,10.9,0.402,2,5.7,0.344,2.4,5.2,0.466,1.4,2,0.711,3.2,5.5,8.7,2.1,1.2,1.1,1.4,3,12.2,Villanova,USA,2018,1,30
Omri Casspi,MEM,30,81,225,SF,36,0,520,6,11.1,0.534,1,3,0.349,4.9,8.2,0.602,2.7,4,0.672,1.2,6.8,8,1.8,1.4,0.6,1.6,2.4,15.6,None,Israel,2009,1,23
Pascal Siakam,TOR,25,81,230,PF,80,79,2548,7.3,13.4,0.549,1.1,3,0.369,6.2,10.3,0.602,3.3,4.3,0.785,1.8,6,7.8,3.5,1,0.7,2.2,3.4,19.1,New Mexico State,Cameroon,2016,1,27
Pat Connaughton,MIL,26,76,209,SG,61,2,1261,4.7,10,0.466,1.9,5.7,0.33,2.8,4.3,0.647,0.8,1.1,0.725,1.7,5.6,7.4,3.5,0.9,0.7,0.9,2.3,12,Notre Dame,USA,2015,2,41
Patrick Beverley,LAC,30,73,185,PG,78,49,2137,3.3,8,0.407,1.9,4.8,0.397,1.4,3.3,0.421,1.6,2.1,0.78,1.3,5.3,6.5,5.1,1.1,0.7,1.4,4.5,10,None,USA,2009,2,42
Patrick McCaw,TOR,23,79,185,SG,26,1,344,2.5,5.7,0.444,0.8,2.5,0.333,1.7,3.1,0.533,1.4,1.6,0.867,0.7,4,4.7,2.8,2.2,0.2,1.5,3.9,7.2,Nevada-Las Vegas,USA,2016,2,38
Patrick Patterson,OKC,30,81,230,PF,63,5,861,3.4,9.2,0.374,1.9,5.7,0.336,1.5,3.4,0.439,0.8,1.3,0.633,1.8,4.4,6.1,1.3,0.7,0.5,0.9,1.9,9.6,Kentucky,USA,2010,1,14
Patty Mills,SAS,30,72,180,PG,82,1,1908,5.3,12.5,0.425,3,7.6,0.394,2.3,4.9,0.475,1.7,1.9,0.854,0.5,3,3.4,4.6,0.9,0.2,1.8,2.4,15.3,St. Mary's (CA),Australia,2009,2,55
Pau Gasol,MIL,38,84,250,C,27,6,330,4.5,9.6,0.466,0.5,1.1,0.5,3.9,8.5,0.462,2.9,4.1,0.711,2.4,11.5,13.9,5.5,0.5,1.5,1.5,3.1,12.4,None,Spain,2001,1,3
Paul George,OKC,29,81,220,SF,77,77,2841,9,20.5,0.438,3.7,9.6,0.386,5.3,10.9,0.484,5.7,6.8,0.839,1.3,6.6,8,4,2.2,0.4,2.6,2.7,27.4,Fresno State,USA,2010,1,10
Paul Millsap,DEN,34,80,246,PF,70,65,1895,6.1,12.6,0.484,1.1,3,0.365,5,9.6,0.522,3.4,4.7,0.727,2.9,6.7,9.6,2.7,1.6,1,1.8,3.5,16.8,Louisiana Tech,USA,2006,2,47
PJ Dozier,BOS,22,78,205,SG,6,0,51,5.6,14.8,0.381,1.4,5.6,0.25,4.2,9.2,0.462,0.7,1.4,0.5,4.2,7.8,12,3.5,1.4,0,0,1.4,13.4,South Carolina,USA,Undrafted,Undrafted,Undrafted
Quincy Acy,PHX,28,79,240,PF,10,0,123,1.2,5.3,0.222,0.6,4.4,0.133,0.6,0.9,0.667,2,2.9,0.7,0.9,6.4,7.3,2.3,0.3,1.2,1.2,7,5,Baylor,USA,2012,2,37
Quincy Pondexter,SAS,31,79,230,SF,53,0,292,3.6,7.2,0.5,0.7,2.2,0.333,2.8,4.9,0.575,4.2,5.2,0.81,1,4.7,5.7,3,1.4,0.1,1.6,3,12.1,Washington,USA,2010,1,26
Quinn Cook,GSW,26,74,179,PG,74,10,1059,6.9,14.9,0.465,2.8,6.8,0.405,4.2,8.1,0.515,0.7,0.9,0.769,0.7,4.6,5.3,3.9,0.7,0.1,1.7,3.1,17.3,Duke,USA,Undrafted,Undrafted,Undrafted
Rajon Rondo,LAL,33,73,186,PG,46,29,1369,4.6,11.4,0.405,1.3,3.7,0.359,3.3,7.6,0.428,0.6,0.9,0.639,0.9,5.5,6.4,9.7,1.5,0.2,3.3,2.6,11.1,Kentucky,USA,2006,1,21
Raul Neto,UTA,27,73,179,PG,37,1,474,5.6,12.2,0.46,1.5,4.6,0.333,4.1,7.7,0.535,2.1,2.5,0.848,0.5,4.3,4.7,7.1,1.1,0.3,2.7,3.7,14.9,None,Brazil,2013,2,47
Rawle Alkins,CHI,21,77,225,SG,10,1,120,3.9,11.7,0.333,0.9,3.6,0.25,3,8.1,0.37,2.4,3.6,0.667,3.3,4.5,7.8,3.9,0.3,0,2.4,2.1,11.1,None,USA,Undrafted,Undrafted,Undrafted
Ray Spalding,PHX,22,82,215,PF,13,3,147,6.1,11.5,0.532,0,0.7,0,6.1,10.8,0.568,1,2.9,0.333,3.7,8.1,11.8,1.2,2.2,2,2.2,5.6,13.2,Louisville,USA,2018,2,56
Raymond Felton,OKC,34,73,205,PG,33,0,379,5.2,12.8,0.407,1.9,5.8,0.328,3.3,7,0.473,1.1,1.2,0.923,0.4,2.8,3.2,4.9,0.9,0.6,1.3,2.8,13.5,North Carolina,USA,2005,1,5
Reggie Bullock,LAL,28,79,205,SG,44,44,1355,4.8,11.7,0.413,3,7.8,0.388,1.8,3.9,0.463,1.5,1.7,0.875,0.5,2.7,3.3,2.9,0.6,0.1,1.4,2.1,14.2,North Carolina,USA,2013,1,25
Reggie Jackson,DET,29,75,208,PG,82,82,2289,6.9,16.5,0.421,2.7,7.4,0.369,4.2,9.1,0.464,3.2,3.7,0.864,0.7,2.7,3.4,5.4,0.9,0.1,2.3,3.3,19.8,Boston College,USA,2011,1,24
Richaun Holmes,PHX,25,82,235,C,70,4,1184,6.8,11.1,0.608,0,0,NA,6.8,11.1,0.608,3.9,5.3,0.731,3.5,6.6,10.1,1.8,1.3,2.4,1.6,5.9,17.4,Bowling Green,USA,2015,2,37
Ricky Rubio,UTA,28,76,190,PG,68,67,1899,5.6,13.8,0.404,1.5,4.8,0.311,4.1,9,0.454,3.7,4.3,0.855,0.6,4,4.6,7.9,1.7,0.2,3.4,3.4,16.4,None,Spain,2009,1,5
Robert Covington,MIN,28,81,225,SF,22,22,763,5,11.6,0.433,2.6,7,0.372,2.4,4.6,0.526,2.4,3.1,0.773,1,5,5.9,1.5,2.4,1.1,1.2,3.8,15,Tennessee State,USA,Undrafted,Undrafted,Undrafted
Robin Lopez,CHI,31,84,275,C,74,36,1606,6.8,12,0.568,0.2,0.7,0.226,6.7,11.3,0.589,2,2.8,0.724,3.1,3.3,6.4,2,0.2,1.7,2.2,2.8,15.8,Stanford,USA,2008,1,15
Rodions Kurucs,BKN,21,81,210,SF,63,46,1294,5.6,12.5,0.45,1.6,5.1,0.315,4,7.4,0.543,2,2.6,0.783,1.6,5.3,6.8,1.4,1.1,0.7,2.1,4.1,14.9,None,Latvia,2018,2,40
Rodney Hood,POR,26,80,206,SG,45,45,1234,5.7,13.2,0.427,1.6,4.4,0.362,4.1,8.8,0.46,3,3.3,0.912,0.5,2.7,3.3,2.7,1.1,0.1,1.1,2.9,16,Duke,USA,2014,1,23
Rodney McGruder,LAC,27,76,200,SG,66,45,1550,4.3,10.7,0.403,1.8,5.2,0.351,2.5,5.5,0.453,1.2,1.7,0.722,1.4,4.1,5.5,2.6,0.8,0.3,1.5,2.7,11.7,Kansas State,USA,Undrafted,Undrafted,Undrafted
Ron Baker,WAS,26,76,220,SG,11,0,107,1.3,5.4,0.25,0.3,3,0.111,1,2.4,0.429,1.7,2,0.833,0.3,2,2.4,4.4,1.7,0,1,5.4,4.7,Wichita State,USA,Undrafted,Undrafted,Undrafted
Rondae Hollis-Jefferson,BKN,24,79,217,SF,59,21,1234,5.8,14.2,0.411,0.3,1.4,0.184,5.6,12.8,0.436,3.4,5.3,0.645,2.4,6.6,9,2.8,1.3,0.8,2,3.1,15.4,Arizona,USA,2015,1,23
Royce O'Neale,UTA,26,78,226,SF,82,16,1671,3.5,7.4,0.475,1.5,3.8,0.386,2,3.6,0.569,0.7,0.9,0.762,0.5,5.7,6.1,2.7,1.2,0.5,1.5,3.7,9.2,Baylor,USA,Undrafted,Undrafted,Undrafted
Rudy Gay,SAS,32,80,230,PF,69,51,1842,7.3,14.6,0.504,1.4,3.6,0.402,5.9,11,0.537,2.3,2.9,0.816,1.2,8,9.2,3.6,1.1,0.7,2.2,3.1,18.5,Connecticut,USA,2006,1,8
Rudy Gobert,UTA,26,85,245,C,81,80,2577,6.6,9.9,0.669,0,0,NA,6.6,9.9,0.669,4.6,7.3,0.636,4.3,10.2,14.5,2.2,0.9,2.6,1.8,3.2,17.9,None,France,2013,1,27
Russell Westbrook,OKC,30,75,200,PG,73,73,2630,8.6,20.2,0.428,1.6,5.6,0.29,7,14.5,0.481,4.1,6.2,0.656,1.5,9.6,11,10.7,1.9,0.5,4.4,3.4,22.9,California-Los Angeles,USA,2008,1,4
Ryan Anderson,MIA,31,82,240,PF,15,8,278,2.5,7.8,0.317,0.9,4.4,0.206,1.6,3.4,0.462,1.4,1.8,0.786,1.8,4,5.8,2.2,0.4,0.1,1.6,3,7.3,California,USA,2008,1,21
Ryan Arcidiacono,CHI,25,75,200,PG,81,32,1961,3.4,7.7,0.447,1.5,4,0.373,1.9,3.7,0.527,1.6,1.9,0.873,0.5,3.5,4,4.9,1.2,0.1,1.2,3.1,10,Villanova,USA,Undrafted,Undrafted,Undrafted
Ryan Broekhoff,DAL,28,79,215,SG,42,0,453,4.5,10,0.452,3,7.4,0.409,1.5,2.6,0.576,1.2,1.5,0.789,0.6,4.4,5,1.7,0.5,0.3,1.3,2.8,13.3,None,Australia,Undrafted,Undrafted,Undrafted
Salah Mejri,DAL,33,86,235,C,36,4,399,5,10.1,0.491,1,3.1,0.324,4,7,0.564,1.8,2.9,0.625,3.2,8.6,11.8,3.2,0.9,2.3,1.9,5,12.7,None,Tunisia,Undrafted,Undrafted,Undrafted
Sam Dekker,WAS,25,81,230,PF,38,0,619,5.7,12.1,0.471,0.8,2.8,0.286,4.9,9.2,0.528,1.2,2.1,0.556,2.6,4.1,6.7,2.2,1.6,0.4,1.1,2,13.4,Wisconsin,USA,2015,1,18
Scott Machado,LAL,29,73,205,PG,4,0,19,7.6,11.4,0.667,1.9,1.9,1,5.7,9.5,0.6,1.9,1.9,1,0,0,0,5.7,1.9,0,0,3.8,18.9,Iona,USA,Undrafted,Undrafted,Undrafted
Semi Ojeleye,BOS,24,79,241,PF,56,3,594,4.1,9.6,0.424,1.7,5.4,0.315,2.4,4.2,0.565,1.5,2.4,0.615,1.5,3.8,5.2,1.4,0.6,0.2,1.2,2.6,11.3,Southern Methodist,USA,2017,2,37
Serge Ibaka,TOR,29,82,235,C,74,51,2010,8.3,15.7,0.529,0.9,3,0.29,7.4,12.7,0.586,2.4,3.2,0.763,2.8,8,10.8,1.8,0.5,1.8,2,3.8,19.9,None,Democratic Re...,2008,1,24
Seth Curry,POR,28,74,185,SG,74,2,1399,5.5,12,0.456,2.9,6.5,0.45,2.5,5.5,0.463,1.1,1.3,0.846,0.7,2.4,3.1,1.7,0.9,0.3,1.6,2.5,15,Duke,USA,Undrafted,Undrafted,Undrafted
Shabazz Napier,BKN,27,73,180,PG,56,2,983,6.2,15.9,0.389,2.8,8.3,0.333,3.4,7.6,0.449,4.2,5.1,0.833,0.7,3,3.7,5.2,1.5,0.6,2.4,2.5,19.4,Connecticut,USA,2014,1,24
Shai Gilgeous-Alexander,LAC,20,78,181,PG,82,73,2174,5.6,11.9,0.476,0.8,2.3,0.367,4.8,9.6,0.503,2.6,3.2,0.8,0.9,2.9,3.8,4.5,1.6,0.7,2.3,2.9,14.7,Kentucky,Canada,2018,1,11
Shake Milton,PHI,22,78,207,SG,20,0,268,4.6,11.7,0.391,1.9,5.9,0.318,2.7,5.8,0.465,0.7,0.9,0.714,1.2,3.5,4.7,2.4,1.1,1.1,0.8,3.9,11.7,Southern Methodist,USA,2018,2,54
Shaquille Harrison,CHI,25,76,190,PG,73,11,1430,4.6,10.7,0.432,0.6,2.2,0.27,4,8.5,0.475,2.1,3.1,0.667,0.8,4.8,5.6,3.5,2.2,0.8,1.5,3.1,11.9,Tulsa,USA,Undrafted,Undrafted,Undrafted
Shaun Livingston,GSW,33,79,192,PG,64,0,967,4.1,7.8,0.519,0,0.1,0,4.1,7.7,0.524,1.5,1.9,0.784,1.6,2.8,4.4,4.2,1.2,1,1.4,2.8,9.6,None,USA,2004,1,4
Shelvin Mack,CHA,29,75,203,PG,53,3,1204,4.8,11.6,0.414,1.4,3.8,0.359,3.4,7.8,0.441,1.6,2.2,0.707,0.5,2.5,3,5.4,1.3,0.1,1.9,2.4,12.6,Butler,USA,2011,2,34
Sindarius Thornwell,LAC,24,77,215,SG,64,1,313,2,5.6,0.347,0.3,1.7,0.2,1.6,3.9,0.412,2.9,3.9,0.735,0.6,4.5,5.1,2.1,1.6,0.8,2.3,4.7,7.1,South Carolina,USA,2017,2,48
Skal Labissiere,POR,23,83,235,PF,13,0,113,4.1,9.6,0.433,1.3,3.5,0.364,2.9,6.1,0.474,1.9,3.5,0.545,1.3,6.4,7.6,1.9,0.6,1,2.2,6.7,11.5,Kentucky,Haiti,2016,1,28
Solomon Hill,NOP,28,79,225,SF,44,15,878,2.8,7.3,0.382,1.3,4.1,0.317,1.5,3.2,0.468,0.9,1.3,0.719,1.4,4.1,5.5,2.3,0.9,0.4,1.3,3.3,7.8,Arizona,USA,2013,1,23
Spencer Dinwiddie,BKN,26,78,210,PG,68,4,1914,6.9,15.6,0.442,2.3,7,0.335,4.6,8.6,0.528,5.4,6.7,0.806,0.5,2.6,3.1,5.8,0.8,0.3,2.9,3.5,21.5,Colorado,USA,2014,2,38
Stanley Johnson,NOP,23,79,245,SF,48,7,961,5,13.1,0.381,1.9,6.8,0.282,3.1,6.3,0.488,1.5,1.9,0.804,0.9,5.6,6.6,2.2,1.8,0.5,2.1,3.4,13.4,Arizona,USA,2015,1,8
Stephen Curry,GSW,31,75,190,PG,69,69,2331,9.8,20.7,0.472,5.5,12.5,0.437,4.3,8.2,0.525,4.1,4.4,0.916,0.7,5,5.7,5.6,1.4,0.4,3,2.6,29.1,Davidson,USA,2009,1,7
Sterling Brown,MIL,24,78,232,SG,58,7,1034,5,10.9,0.465,1.8,5.1,0.361,3.2,5.7,0.558,1,1.5,0.69,1,5.4,6.4,2.9,0.9,0.3,1.6,3.1,13,Southern Methodist,USA,2017,2,46
Steven Adams,OKC,25,84,265,C,80,80,2669,6.5,10.9,0.595,0,0,0,6.5,10.9,0.596,2,3.9,0.5,5.3,5,10.3,1.7,1.6,1,1.8,2.8,14.9,Pittsburgh,New Zealand,2013,1,12
T.J. McConnell,PHI,27,74,190,PG,76,3,1470,5.4,10.3,0.525,0.3,1,0.333,5,9.2,0.546,0.7,0.9,0.784,0.7,3.6,4.3,6.3,1.9,0.4,2.2,2.6,11.8,Arizona,USA,Undrafted,Undrafted,Undrafted
T.J. Warren,PHX,25,80,215,SF,43,36,1360,7.9,16.2,0.486,2,4.8,0.428,5.8,11.4,0.51,2.7,3.3,0.815,0.8,3.8,4.6,1.7,1.4,0.8,1.4,3.2,20.4,North Carolina State,USA,2014,1,14
Tahjere McCall,BKN,24,77,190,SG,1,0,8,9,13.5,0.667,0,4.5,0,9,9,1,0,4.5,0,0,4.5,4.5,0,0,0,0,9,18,Tennessee State,USA,Undrafted,Undrafted,Undrafted
Taj Gibson,MIN,33,81,232,PF,70,57,1686,6.5,11.5,0.566,0.2,0.7,0.324,6.3,10.7,0.583,2.9,3.8,0.757,3.7,6.1,9.8,1.8,1.1,0.8,1.6,4,16.1,Southern California,USA,2009,1,26
Terrance Ferguson,OKC,21,79,190,SG,74,74,1931,3.4,8,0.429,2,5.4,0.366,1.5,2.6,0.56,0.7,1,0.725,0.6,2,2.6,1.3,0.7,0.3,0.9,4.3,9.6,None,USA,2017,1,21
Terrence Jones,HOU,27,81,252,PF,2,0,5,7.2,28.8,0.25,0,14.4,0,7.2,14.4,0.5,0,7.2,0,0,28.8,28.8,0,0,0,7.2,7.2,14.4,Kentucky,USA,2012,1,18
Terrence Ross,ORL,28,79,206,SG,81,0,2150,7.4,17.2,0.428,3.6,9.5,0.383,3.7,7.7,0.484,2.1,2.4,0.875,0.5,4.2,4.7,2.3,1.2,0.5,1.5,2,20.5,Washington,USA,2012,1,8
Terry Rozier,BOS,25,73,190,PG,79,14,1791,5.2,13.4,0.387,2.4,6.8,0.353,2.8,6.6,0.422,1.5,1.9,0.785,0.6,5.5,6.2,4.6,1.4,0.4,1.4,2,14.2,Louisville,USA,2015,1,16
Thabo Sefolosha,UTA,35,79,220,SF,50,2,609,4.2,8.8,0.477,2,4.6,0.436,2.2,4.2,0.521,0.8,1.3,0.636,0.5,6.8,7.3,1.6,2.5,0.3,1.5,2.4,11.2,None,Switzerland,2006,1,13
Thaddeus Young,IND,30,80,221,PF,81,81,2489,6.4,12.2,0.527,0.7,2.1,0.349,5.7,10.1,0.564,1.3,2,0.644,2.8,4.8,7.6,3,1.8,0.5,1.8,2.8,14.8,Georgia Tech,USA,2007,1,12
Theo Pinson,BKN,23,78,218,SG,18,0,211,4.3,12.5,0.342,2,7.8,0.261,2.2,4.6,0.481,3.2,3.8,0.864,0.7,5.5,6.1,3.6,1,0,3.1,2.6,13.8,None,USA,Undrafted,Undrafted,Undrafted
Thomas Bryant,WAS,21,83,248,C,72,53,1496,7.4,12.1,0.616,0.8,2.4,0.333,6.6,9.7,0.685,2.6,3.3,0.781,2.7,8.2,10.9,2.2,0.6,1.6,1.4,3,18.2,Indiana,USA,2017,2,42
Thomas Welsh,DEN,23,84,255,C,11,0,36,7,13,0.538,3,7,0.429,4,6,0.667,1,2,0.5,0,4,4,5,0,0,1,3,18,California-Los Angeles,USA,2018,2,58
Thon Maker,DET,22,85,221,C,35,0,409,5.2,11.8,0.44,2.3,6.9,0.333,2.9,4.9,0.589,1.8,3.3,0.541,1.5,7,8.4,1.6,0.9,1.6,0.8,4.8,14.4,None,South Sudan,2016,1,10
Tim Frazier,MIL,28,73,170,PG,47,17,909,3.5,7.7,0.451,1.1,3,0.351,2.4,4.7,0.517,1.3,1.6,0.78,1.3,4.2,5.4,8.2,1,0.2,2.4,3.7,9.3,None,USA,Undrafted,Undrafted,Undrafted
Timothe Luwawu-Cabarrot,CHI,24,78,210,SF,29,6,546,4.5,11.5,0.394,2,6.2,0.33,2.5,5.3,0.469,1.8,2.3,0.771,0.5,4.7,5.2,1.5,1,0.5,1.1,3.9,12.9,None,France,2016,1,24
Tobias Harris,PHI,26,81,235,PF,55,55,1903,8,16.2,0.496,2.1,4.9,0.434,5.9,11.3,0.523,3.6,4.1,0.877,0.7,7.5,8.2,2.8,0.8,0.5,2.1,2.3,21.8,Tennessee,USA,2011,1,19
Tomas Satoransky,WAS,27,79,210,PG,80,54,2164,4.3,8.8,0.485,1.1,2.7,0.395,3.2,6.1,0.524,2.2,2.7,0.819,1.4,3.3,4.6,6.6,1.4,0.2,2,2.9,11.8,None,Czech Republi...,2012,2,32
Tony Bradley,UTA,21,82,248,C,3,0,36,8,16,0.5,0,0,NA,8,16,0.5,1,2,0.5,9,6,15,1,2,2,3,6,17,North Carolina,USA,2017,1,28
Tony Parker,CHA,37,74,185,PG,56,0,1003,7.6,16.6,0.46,0.5,1.8,0.255,7.2,14.8,0.485,3.3,4.5,0.734,0.5,2.5,3,7.4,0.8,0.3,2.7,1.9,19,None,France,2001,1,28
Tony Snell,MIL,27,79,213,SF,74,12,1304,4.5,10,0.452,2.2,5.6,0.397,2.3,4.3,0.522,1,1.2,0.881,0.8,3.5,4.3,1.9,0.7,0.5,0.6,2.5,12.3,,USA,2013,1,20
Torrey Craig,DEN,28,79,215,SF,75,37,1503,3.8,8.7,0.442,1.5,4.5,0.324,2.4,4.2,0.569,1.2,1.7,0.7,2.1,4.2,6.3,1.7,0.9,1.1,1.1,4.2,10.3,South Carolina Upstate,USA,Undrafted,Undrafted,Undrafted
Trae Young,ATL,20,74,180,PG,81,81,2503,7.6,18.1,0.418,2.2,6.9,0.324,5.3,11.1,0.477,4.9,6,0.829,0.9,3.4,4.3,9.4,1,0.2,4.4,2,22.3,Oklahoma,USA,2018,1,5
Treveon Graham,BKN,25,77,225,SG,35,21,715,3.2,9.6,0.335,1.9,6.4,0.297,1.3,3.2,0.413,0.9,1.1,0.818,1.2,4.2,5.4,1.7,0.7,0.4,0.9,3.4,9.3,Virginia Commonwealth,USA,Undrafted,Undrafted,Undrafted
Trevon Duval,HOU,20,74,189,PG,3,0,6,12,18,0.667,6,6,1,6,12,0.5,0,0,NA,0,6,6,12,0,0,0,0,30,None,USA,Undrafted,Undrafted,Undrafted
Trevor Ariza,WAS,33,80,215,SF,43,43,1465,5.1,12.5,0.409,2.3,7.2,0.322,2.8,5.3,0.528,2.3,3,0.777,0.8,4.7,5.6,4.1,1.3,0.3,1.6,2.1,14.9,California-Los Angeles,USA,2004,2,43
Trey Burke,DAL,26,73,175,PG,33,7,689,7.7,18.7,0.413,1.6,4.5,0.349,6.2,14.2,0.434,3.2,3.9,0.827,0.8,2.5,3.2,4.9,1.1,0.3,1.5,1.7,20.3,Michigan,USA,2013,1,9
Trey Lyles,DEN,23,82,234,PF,64,2,1120,6.7,15.9,0.418,1.6,6.4,0.255,5,9.5,0.529,2.6,3.7,0.698,1.4,6.5,7.9,2.8,1,0.7,2.2,3,17.6,Kentucky,USA,2015,1,12
Tristan Thompson,CLE,28,82,238,C,43,40,1198,6,11.4,0.529,0,0,NA,6,11.4,0.529,2,3.2,0.642,5.2,8,13.2,2.6,0.8,0.5,1.8,2.7,14.1,Texas,Canada,2011,1,4
Troy Caupain,ORL,23,76,210,PG,4,0,16,9,18,0.5,4.5,6.8,0.667,4.5,11.3,0.4,0,0,NA,2.3,4.5,6.8,9,2.3,0,0,0,22.5,Cincinnati,USA,Undrafted,Undrafted,Undrafted
Troy Daniels,PHX,27,76,205,SG,51,1,760,5.4,13,0.411,3.5,9.2,0.381,1.8,3.8,0.481,0.9,1.1,0.783,0.6,2.8,3.5,1.2,1.2,0.2,1.3,3.7,15.1,Virginia Commonwealth,USA,Undrafted,Undrafted,Undrafted
Troy Williams,SAC,24,79,218,SF,21,0,312,5.1,11.3,0.449,1.6,5.1,0.318,3.5,6.2,0.556,1,1.7,0.6,1.4,5.4,6.8,1.3,1.2,0.9,1,4.3,12.8,Indiana,USA,Undrafted,Undrafted,Undrafted
Tyler Cavanaugh,UTA,25,81,238,PF,11,0,39,2.8,9.2,0.3,0.9,4.6,0.2,1.8,4.6,0.4,1.8,1.8,1,2.8,4.6,7.4,0.9,0,0,0.9,2.8,8.3,George Washington,USA,Undrafted,Undrafted,Undrafted
Tyler Davis,OKC,22,82,266,C,1,0,1,0,36,0,0,0,NA,0,36,0,0,0,NA,36,0,36,0,0,0,0,0,0,None,USA,Undrafted,Undrafted,Undrafted
Tyler Dorsey,MEM,23,77,183,SG,27,0,251,4.6,12.8,0.36,1.4,5.6,0.256,3.2,7.2,0.44,2.3,3.7,0.615,1.3,4.9,6.2,2.4,1,0.1,1.4,2.9,12.9,Oregon,USA,2017,2,41
Tyler Johnson,PHX,27,76,190,PG,44,10,1123,5.5,12.9,0.426,2.3,6.5,0.353,3.2,6.3,0.503,2,2.8,0.693,0.6,3.3,3.9,3.6,1.3,0.7,2,2.3,15.2,Fresno State,USA,Undrafted,Undrafted,Undrafted
Tyler Lydon,DEN,23,82,225,PF,25,0,94,3.4,6.9,0.5,1.5,3.8,0.4,1.9,3.1,0.625,0.4,1.1,0.333,2.7,4.2,6.9,2.3,0.8,0,1.5,3.8,8.8,Syracuse,USA,2017,1,24
Tyler Ulis,CHI,23,70,160,PG,1,0,1,0,0,NA,0,0,NA,0,0,NA,0,0,NA,0,0,0,0,0,0,0,0,0,Kentucky,USA,2016,2,34
Tyler Zeller,MEM,29,84,253,C,4,1,82,7,12.3,0.571,0,0,NA,7,12.3,0.571,6.1,7.9,0.778,4,4,7.9,1.3,0.4,1.3,1.8,7,20.2,North Carolina,USA,2012,1,17
Tyreke Evans,IND,29,78,220,SG,69,18,1402,6.6,16.9,0.389,2,5.5,0.356,4.6,11.4,0.405,3,4.1,0.719,0.8,4.3,5.2,4.3,1.5,0.5,3,3,18.1,Memphis,USA,2009,1,4
Tyrone Wallace,LAC,25,77,198,PG,62,0,628,5.3,12.4,0.424,0.2,1.1,0.211,5,11.4,0.444,1.7,3.3,0.526,1.1,4.6,5.8,2.4,1.2,0.4,2.1,4.8,12.5,California,USA,2016,2,60
Tyson Chandler,LAL,36,85,240,C,48,6,786,2.4,4,0.609,0,0,0,2.4,3.9,0.616,1.9,3.2,0.594,3.9,8.4,12.3,1.4,0.9,1,1.6,4.1,6.7,None,USA,2001,1,2
Tyus Jones,MIN,23,74,196,PG,68,23,1560,4.3,10.3,0.415,0.9,2.9,0.317,3.3,7.4,0.453,1.3,1.6,0.841,0.5,2.6,3.1,7.5,1.9,0.1,1.1,1.8,10.8,Duke,USA,2015,1,24
Udonis Haslem,MIA,39,80,235,C,10,1,74,5.4,16.1,0.333,0,5.8,0,5.4,10.2,0.524,1.5,1.9,0.75,1.5,11.7,13.1,1,0,0,1.5,4.4,12.2,Florida,USA,Undrafted,Undrafted,Undrafted
Victor Oladipo,IND,27,76,210,SG,36,36,1147,7.8,18.5,0.423,2.3,6.8,0.343,5.5,11.7,0.47,3.2,4.4,0.73,0.7,5.7,6.3,5.8,1.9,0.3,2.6,2.3,21.2,Indiana,USA,2013,1,2
Vince Carter,ATL,42,78,220,SF,76,9,1330,5.3,12.7,0.419,3.3,8.6,0.389,2,4.1,0.48,1.3,1.8,0.712,0.8,4.4,5.3,2.4,1.2,0.7,1.3,3.8,15.2,North Carolina,USA,1998,1,5
Wayne Ellington,DET,31,77,200,SG,28,26,764,5.4,12.9,0.421,3.8,10.2,0.373,1.6,2.6,0.607,1.2,1.6,0.758,0.4,2.5,2.8,2,1.4,0.1,1.2,2.5,15.8,North Carolina,USA,2009,1,28
Wayne Selden,CHI,24,77,230,SG,43,13,984,4.8,11.8,0.407,1.3,4.1,0.315,3.5,7.7,0.455,1.6,2.3,0.714,0.8,4.2,5,2.7,0.8,0.3,2,3,12.5,Kansas,USA,Undrafted,Undrafted,Undrafted
Wesley Johnson,WAS,31,79,215,SF,26,13,377,3.3,8.4,0.398,1.8,4.8,0.38,1.5,3.6,0.421,0.6,0.9,0.667,1,4.2,5.2,1.5,1.1,0.7,1.1,4.3,9.1,Syracuse,USA,2010,1,4
Wesley Matthews,IND,32,77,220,SF,44,44,1312,5.3,12.9,0.414,2.7,7.2,0.38,2.6,5.7,0.456,2.4,3,0.791,0.5,2.3,2.8,2.7,0.9,0.3,1.6,2.8,15.8,Marquette,USA,Undrafted,Undrafted,Undrafted
Will Barton,DEN,28,78,190,SG,43,38,1189,5.6,13.9,0.402,2,5.9,0.342,3.6,8,0.447,1.7,2.2,0.77,1,5.1,6,3.8,0.5,0.7,2,2.5,15,Memphis,USA,2012,2,40
Willie Cauley-Stein,SAC,25,84,240,C,81,81,2213,6.7,12.1,0.556,0,0,0.5,6.7,12,0.556,2.3,4.1,0.551,2.9,8.1,11,3.2,1.6,0.8,1.4,3.7,15.7,Kentucky,USA,2015,1,6
Willy Hernangomez,CHA,25,83,240,C,58,3,812,6.8,13.1,0.519,0.7,1.7,0.385,6.1,11.3,0.539,4.4,6.4,0.694,5.2,8.6,13.8,2.7,0.7,0.9,2.6,4.3,18.7,None,Spain,2015,2,35
Wilson Chandler,LAC,32,81,225,PF,36,32,951,3.4,7.8,0.44,1.7,4.5,0.39,1.7,3.4,0.506,0.5,0.7,0.722,1.7,4.7,6.4,2.7,0.8,0.7,1.5,3.6,9.1,DePaul,USA,2007,1,23
Yante Maten,MIA,22,80,240,PF,2,0,13,2.8,11.1,0.25,0,2.8,0,2.8,8.3,0.333,0,0,NA,2.8,5.5,8.3,0,2.8,0,0,0,5.5,None,USA,Undrafted,Undrafted,Undrafted
Yogi Ferrell,SAC,26,72,180,PG,71,3,1067,5.2,11.9,0.435,1.8,5,0.362,3.3,6.8,0.488,2,2.3,0.896,0.4,3.2,3.7,4.6,1.2,0.1,1.3,2.2,14.2,Indiana,USA,Undrafted,Undrafted,Undrafted
Yuta Watanabe,MEM,24,81,205,SF,15,0,174,3.1,10.6,0.294,0.4,3.3,0.125,2.7,7.2,0.371,1.4,2.1,0.7,0.8,5.6,6.4,1.7,0.8,0.2,1.2,2.3,8.1,George Washington,Japan,Undrafted,Undrafted,Undrafted
Zach Collins,POR,21,84,235,C,77,0,1356,5,10.6,0.473,1.1,3.2,0.331,4,7.4,0.534,2.5,3.3,0.746,2.9,5.7,8.6,1.9,0.7,1.8,2,4.6,13.6,Gonzaga,USA,2017,1,10
Zach LaVine,CHI,24,77,200,SG,63,62,2171,8.8,18.8,0.467,2,5.3,0.374,6.8,13.5,0.504,5.2,6.2,0.832,0.7,4.2,4.9,4.7,1,0.4,3.6,2.3,24.7,California-Los Angeles,USA,2014,1,13
Zach Lofton,DET,26,76,180,SG,1,0,4,0,9,0,0,9,0,0,0,NA,0,0,NA,0,0,0,0,9,0,9,0,0,New Mexico State,USA,Undrafted,Undrafted,Undrafted
Zaza Pachulia,DET,35,83,270,C,68,3,878,3.5,7.9,0.44,0,0.2,0,3.5,7.7,0.45,4,5.1,0.782,4.1,6.8,10.9,3.7,1.3,0.7,2.3,6.2,10.9,None,Georgia,2003,2,42
Zhaire Smith,PHI,20,76,199,SG,6,2,111,4.5,11,0.412,1.9,5.2,0.375,2.6,5.8,0.444,1.9,2.6,0.75,1,3.2,4.2,3.2,0.6,0.6,1.9,2.6,13,Texas Tech,USA,2018,1,16
